id_nodo,tipo,nombre,id_indicador,id_proyecto,id_fragmento,campo_origen,idioma,texto
"INDICADOR::el proyecto incorpora enfoques interdisciplinarios o transdisciplinarios tanto en el planteamiento del problema como en los metodos, tipos de analisis y perspectivas conceptuales utilizadas.",INDICADOR,"El proyecto incorpora enfoques interdisciplinarios o transdisciplinarios tanto en el planteamiento del problema como en los métodos, tipos de análisis y perspectivas conceptuales utilizadas.",COL-01,,,,,
CATEGORIA_INDICADOR::condiciones_colaboracion,CATEGORIA_INDICADOR,CONDICIONES_COLABORACION,,,,,,
INDICADOR::el proyecto cuenta con la participacion activa y significativa de actores externos (academicos y/o no academicos) en distintas etapas del proceso investigativo.,INDICADOR,El proyecto cuenta con la participación activa y significativa de actores externos (académicos y/o no académicos) en distintas etapas del proceso investigativo.,COL-02,,,,,
"INDICADOR::nivel de participacion efectiva de actores de la comunidad, estado, sociedad o empresa en la formulacion, ejecucion y evaluacion del proyecto.",INDICADOR,"Nivel de participación efectiva de actores de la comunidad, Estado, sociedad o empresa en la formulación, ejecución y evaluación del proyecto.",COL-03,,,,,
INDICADOR::el proyecto establece mecanismos para el dialogo de saberes entre actores academicos y otros actores sociales.,INDICADOR,El proyecto establece mecanismos para el diálogo de saberes entre actores académicos y otros actores sociales.,ASC-01,,,,,
CATEGORIA_INDICADOR::apropiacion_social,CATEGORIA_INDICADOR,APROPIACION_SOCIAL,,,,,,
"INDICADOR::la solucion generada por el proyecto es usada, adaptada, replicada o sostenida por la comunidad, territorio o entidad beneficiaria.",INDICADOR,"La solución generada por el proyecto es usada, adaptada, replicada o sostenida por la comunidad, territorio o entidad beneficiaria.",ASC-02,,,,,
"INDICADOR::los materiales y productos entregados son pertinentes, comprensibles, de alta calidad y valorados positivamente por los grupos de interes.",INDICADOR,"Los materiales y productos entregados son pertinentes, comprensibles, de alta calidad y valorados positivamente por los grupos de interés.",ASC-03,,,,,
INDICADOR::el proyecto desarrolla productos y estrategias eficaces para comunicar el conocimiento generado a publicos no especializados.,INDICADOR,El proyecto desarrolla productos y estrategias eficaces para comunicar el conocimiento generado a públicos no especializados.,DIV-01,,,,,
CATEGORIA_INDICADOR::divulgacion,CATEGORIA_INDICADOR,DIVULGACION,,,,,,
"INDICADOR::numero de productos (comunicados, articulos, blogs, libros, videos, material para redes sociales, entre otros) disenados y utilizados para comunicar los resultados del proyecto a publicos diversos.",INDICADOR,"Número de productos (comunicados, artículos, blogs, libros, videos, material para redes sociales, entre otros) diseñados y utilizados para comunicar los resultados del proyecto a públicos diversos.",DIV-02,,,,,
INDICADOR::numero de menciones en medios de comunicacion y redes sociales de los hallazgos del proyecto.,INDICADOR,Número de menciones en medios de comunicación y redes sociales de los hallazgos del proyecto.,DIV-03,,,,,
"INDICADOR::nivel en que los resultados, metodologias o saberes generados por el proyecto son difundidos en formatos comprensibles, abiertos y reutilizables, y en que dichos materiales son efectivamente consultados y aprovechados por publicos diversos.",INDICADOR,"Nivel en que los resultados, metodologías o saberes generados por el proyecto son difundidos en formatos comprensibles, abiertos y reutilizables, y en que dichos materiales son efectivamente consultados y aprovechados por públicos diversos.",DIV-04,,,,,
INDICADOR::numero de espacios publicos promovidos por el proyecto para debatir la problematica investigativa y social mas alla del ambito academico.,INDICADOR,Número de espacios públicos promovidos por el proyecto para debatir la problemática investigativa y social más allá del ámbito académico.,DIV-05,,,,,
"INDICADOR::el proyecto fortalece procesos de construccion, preservacion y revitalizacion de la memoria e identidad cultural en comunidades o territorios.",INDICADOR,"El proyecto fortalece procesos de construcción, preservación y revitalización de la memoria e identidad cultural en comunidades o territorios.",CUL-01,,,,,
CATEGORIA_INDICADOR::impacto_mas_alla_academia,CATEGORIA_INDICADOR,IMPACTO_MAS_ALLA_ACADEMIA,,,,,,
"INDICADOR::el proyecto promueve la conservacion, valorizacion o enriquecimiento del patrimonio cultural, ya sea material o inmaterial.",INDICADOR,"El proyecto promueve la conservación, valorización o enriquecimiento del patrimonio cultural, ya sea material o inmaterial.",CUL-02,,,,,
INDICADOR::mejora en la calidad de vida o bienestar atribuida al proyecto.,INDICADOR,Mejora en la calidad de vida o bienestar atribuida al proyecto.,SOC-01,,,,,
"INDICADOR::el proyecto contribuye a consolidar redes de colaboracion y alianzas entre comunidades, organizaciones e instituciones.",INDICADOR,"El proyecto contribuye a consolidar redes de colaboración y alianzas entre comunidades, organizaciones e instituciones.",SOC-02,,,,,
"INDICADOR::el proyecto contribuyo a enfrentar desigualdades, exclusion o injusticia, promoviendo justicia social, equidad, inclusion y respeto a los derechos humanos.",INDICADOR,"El proyecto contribuyó a enfrentar desigualdades, exclusión o injusticia, promoviendo justicia social, equidad, inclusión y respeto a los derechos humanos.",SOC-03,,,,,
INDICADOR::numero de beneficiarios directos e indirectos.,INDICADOR,Número de beneficiarios directos e indirectos.,SOC-04,,,,,
INDICADOR::el proyecto desarrolla productos tecnologicos con participacion de actores no academicos o sectores aplicados.,INDICADOR,El proyecto desarrolla productos tecnológicos con participación de actores no académicos o sectores aplicados.,TEC-01,,,,,
INDICADOR::el proyecto incluye procesos participativos de validacion tecnologica con usuarios reales.,INDICADOR,El proyecto incluye procesos participativos de validación tecnológica con usuarios reales.,TEC-02,,,,,
INDICADOR::los resultados tecnologicos son desarrollados con potencial de comercializacion.,INDICADOR,Los resultados tecnológicos son desarrollados con potencial de comercialización.,TEC-03,,,,,
INDICADOR::el proyecto utiliza tecnologia para maximizar el impacto positivo en comunidades o actores destinatarios.,INDICADOR,El proyecto utiliza tecnología para maximizar el impacto positivo en comunidades o actores destinatarios.,TEC-04,,,,,
INDICADOR::el proyecto genera desarrollos tecnologicos originales con aplicacion demostrada fuera del ambito academico.,INDICADOR,El proyecto genera desarrollos tecnológicos originales con aplicación demostrada fuera del ámbito académico.,TEC-05,,,,,
INDICADOR::el proyecto aplica tecnologias preexistentes de forma novedosa y contextualizada para resolver problemas locales.,INDICADOR,El proyecto aplica tecnologías preexistentes de forma novedosa y contextualizada para resolver problemas locales.,TEC-06,,,,,
"INDICADOR::las soluciones tecnologicas generadas por el proyecto son adoptadas, adaptadas o sostenidas por actores de interes externos a la academia.",INDICADOR,"Las soluciones tecnológicas generadas por el proyecto son adoptadas, adaptadas o sostenidas por actores de interés externos a la academia.",TEC-07,,,,,
"INDICADOR::el proyecto genera ingresos adicionales mediante la implementacion, validacion o comercializacion de procesos, metodologias o productos nuevos o mejorados.",INDICADOR,"El proyecto genera ingresos adicionales mediante la implementación, validación o comercialización de procesos, metodologías o productos nuevos o mejorados.",ECO-01,,,,,
INDICADOR::el proyecto logra reducir costos en procesos organizativos o productivos mediante la implementacion de mejoras o innovaciones.,INDICADOR,El proyecto logra reducir costos en procesos organizativos o productivos mediante la implementación de mejoras o innovaciones.,ECO-02,,,,,
INDICADOR::el proyecto genera nuevas oportunidades laborales directas o indirectas.,INDICADOR,El proyecto genera nuevas oportunidades laborales directas o indirectas.,ECO-03,,,,,
INDICADOR::el proyecto fortalece o consolida eslabones clave de la cadena productiva y/o de suministros estrategicos.,INDICADOR,El proyecto fortalece o consolida eslabones clave de la cadena productiva y/o de suministros estratégicos.,ECO-04,,,,,
INDICADOR::el proyecto contribuye a mejorar practicas productivas sostenibles en los sectores o territorios involucrados.,INDICADOR,El proyecto contribuye a mejorar prácticas productivas sostenibles en los sectores o territorios involucrados.,ECO-05,,,,,
"INDICADOR::el proyecto impulsa el crecimiento economico de los grupos de interes (medido en tir, ingresos, calidad de vida, etc.).",INDICADOR,"El proyecto impulsa el crecimiento económico de los grupos de interés (medido en TIR, ingresos, calidad de vida, etc.).",ECO-06,,,,,
INDICADOR::el proyecto promueve capacidades productivas mediante la creacion de redes colaborativas o estrategias de economia solidaria.,INDICADOR,El proyecto promueve capacidades productivas mediante la creación de redes colaborativas o estrategias de economía solidaria.,ECO-07,,,,,
"INDICADOR::el proyecto desarrolla soluciones ambientales asociadas a servicios ecosistemicos, biodiversidad o sostenibilidad ambiental.",INDICADOR,"El proyecto desarrolla soluciones ambientales asociadas a servicios ecosistémicos, biodiversidad o sostenibilidad ambiental.",AMB-01,,,,,
"INDICADOR::el proyecto genera mejoras sostenibles en el entorno ambiental, economico y social de los grupos de interes.",INDICADOR,"El proyecto genera mejoras sostenibles en el entorno ambiental, económico y social de los grupos de interés.",AMB-02,,,,,
INDICADOR::el proyecto fortalece el bienestar fisico y mental de la poblacion.,INDICADOR,El proyecto fortalece el bienestar físico y mental de la población.,SAL-01,,,,,
INDICADOR::el proyecto contribuye a prevenir riesgos en salud publica.,INDICADOR,El proyecto contribuye a prevenir riesgos en salud pública.,SAL-02,,,,,
INDICADOR::el proyecto implementa acciones orientadas a mejorar la calidad de vida de personas en situacion de discapacidad.,INDICADOR,El proyecto implementa acciones orientadas a mejorar la calidad de vida de personas en situación de discapacidad.,SAL-03,,,,,
INDICADOR::el proyecto desarrolla intervenciones que contribuyeron a disminuir tasas de mortalidad en poblaciones especificas.,INDICADOR,El proyecto desarrolla intervenciones que contribuyeron a disminuir tasas de mortalidad en poblaciones específicas.,SAL-04,,,,,
INDICADOR::el proyecto fomenta el dialogo y la integracion entre medicina occidental y tradicional/ancestral.,INDICADOR,El proyecto fomenta el diálogo y la integración entre medicina occidental y tradicional/ancestral.,SAL-05,,,,,
INDICADOR::el proyecto fortalece estrategias participativas de cuidado implementadas por distintos actores sociales.,INDICADOR,El proyecto fortalece estrategias participativas de cuidado implementadas por distintos actores sociales.,SAL-06,,,,,
"INDICADOR::el proyecto facilita la participacion activa de los grupos de interes en procesos de formulacion, monitoreo o evaluacion de politicas publicas o iniciativas de ciencia ciudadana.",INDICADOR,"El proyecto facilita la participación activa de los grupos de interés en procesos de formulación, monitoreo o evaluación de políticas públicas o iniciativas de ciencia ciudadana.",POL-01,,,,,
"INDICADOR::numero de documentos oficiales (politica publica, leyes, regulaciones o decisiones judiciales) que citan resultados del proyecto.",INDICADOR,"Número de documentos oficiales (política pública, leyes, regulaciones o decisiones judiciales) que citan resultados del proyecto.",POL-02,,,,,
INDICADOR::numero de politicas publicas o programas gubernamentales modificados o implementados con base en hallazgos del proyecto.,INDICADOR,Número de políticas públicas o programas gubernamentales modificados o implementados con base en hallazgos del proyecto.,POL-03,,,,,
"INDICADOR::numero de manuales, herramientas o metodologias derivadas del proyecto y adoptadas por entidades estatales.",INDICADOR,"Número de manuales, herramientas o metodologías derivadas del proyecto y adoptadas por entidades estatales.",POL-04,,,,,
INDICADOR::numero de participaciones del equipo del proyecto en audiencias legislativas o judiciales.,INDICADOR,Número de participaciones del equipo del proyecto en audiencias legislativas o judiciales.,POL-05,,,,,
INDICADOR::el proyecto implica colaboracion efectiva con entidades publicas o actores sociales en la formulacion o evaluacion de politicas.,INDICADOR,El proyecto implica colaboración efectiva con entidades públicas o actores sociales en la formulación o evaluación de políticas.,POL-06,,,,,
INDICADOR::numero de informes tecnicos o documentos de politica generados desde el proyecto y entregados a entidades gubernamentales.,INDICADOR,Número de informes técnicos o documentos de política generados desde el proyecto y entregados a entidades gubernamentales.,POL-07,,,,,
"INDICADOR::numero de seminarios, talleres o capacitaciones organizadas para funcionarios publicos basadas en el proyecto.",INDICADOR,"Número de seminarios, talleres o capacitaciones organizadas para funcionarios públicos basadas en el proyecto.",POL-08,,,,,
"INDICADOR::numero de redes relacionadas con politicas publicas en las que el proyecto ha participado o contribuido a crear, conformadas por actores de diversos sectores.",INDICADOR,"Número de redes relacionadas con políticas públicas en las que el proyecto ha participado o contribuido a crear, conformadas por actores de diversos sectores.",POL-09,,,,,
ARTICULO::2-s2.0-85088984023,ARTICULO,The social balance and the relations between the sustainable development goals and the cooperative principles for colombia under a social network analysis [El Balance Social y las relaciones entre los Objetivos de Desarrollo Sostenible y los Principios Cooperativos mediante un Análisis de Redes Sociales],,2-s2.0-85088984023,,,,
FRAGMENTO::2-s2.0-85088984023::facultad::1,FRAGMENTO,2-s2.0-85088984023::facultad::1,,,2-s2.0-85088984023::facultad::1,facultad,desconocido,ESTUDIOS AMBIENTALES Y RURALES
FRAGMENTO::2-s2.0-85088984023::programa_creacion::2,FRAGMENTO,2-s2.0-85088984023::programa_creacion::2,,,2-s2.0-85088984023::programa_creacion::2,programa_creacion,desconocido,Visita FEAR
FRAGMENTO::2-s2.0-85088984023::tipo_documental::3,FRAGMENTO,2-s2.0-85088984023::tipo_documental::3,,,2-s2.0-85088984023::tipo_documental::3,tipo_documental,desconocido,ARTICLE
FRAGMENTO::2-s2.0-85088984023::investigador_docente::4,FRAGMENTO,2-s2.0-85088984023::investigador_docente::4,,,2-s2.0-85088984023::investigador_docente::4,investigador_docente,desconocido,"Alvarez Rodriguez, Juan Fernando"
FRAGMENTO::2-s2.0-85088984023::anio::5,FRAGMENTO,2-s2.0-85088984023::anio::5,,,2-s2.0-85088984023::anio::5,anio,desconocido,2020
FRAGMENTO::2-s2.0-85088984023::nombre_producto::6,FRAGMENTO,2-s2.0-85088984023::nombre_producto::6,,,2-s2.0-85088984023::nombre_producto::6,nombre_producto,mixto,The social balance and the relations between the sustainable development goals and the cooperative principles for colombia under a social network analysis [El Balance Social y las relaciones entre los Objetivos de Desarrollo Sostenible y los Principios Cooperativos mediante un Análisis de Redes Sociales]
FRAGMENTO::2-s2.0-85088984023::resumen::7,FRAGMENTO,2-s2.0-85088984023::resumen::7,,,2-s2.0-85088984023::resumen::7,resumen,en,"Objectives This article lays down two strong elements in the search for a consensus between the indicators that best represent the practices of the Social and Solidarity Economy-based economy (SSE, hereinafter) and their contribution to the Sustainable Development Goals (SDGs, hereinafter), 1) sustainability according to Brundtland, and 2) the idea that something must be achieved ""beyond GDP"" as an integral indicator of progress, always on the economic, social and environmental level The tendency for accountability upon the intrinsic aspects regarding social profitability tends to make the metrics micro. In fact, the tools based on social balance which are drawn out raise this perspective and leave out the importance of the aggregates, even if they were groups of component units of cooperativism or belonging to the SSE (sectors, communities, territories of varying levels)."
FRAGMENTO::2-s2.0-85088984023::resumen::8,FRAGMENTO,2-s2.0-85088984023::resumen::8,,,2-s2.0-85088984023::resumen::8,resumen,en,"It should also be borne in mind that if there is no reference or standard, then there is no possible comparability within entities or components of the social economy. This paper proposes an integration between the meso and macro references as benchmarks for placing the micro aspects. In addition, in the traditional comparability of the Social Economy, the negative externalities generated by SSE entities are usually waived and we find metrics that only add up and do not subtract, contributing to a lack of representation of reality and for scholars from other fields to look down on our progress as they point to it with an excessive idealization. Therefore, without forgetting the core of the issue, the objective of this work is to delve into the way in which the elements identifying cooperatives and SDGs correlate each other."
FRAGMENTO::2-s2.0-85088984023::resumen::9,FRAGMENTO,2-s2.0-85088984023::resumen::9,,,2-s2.0-85088984023::resumen::9,resumen,en,"The methodological design If the Social Balance reports the incidence of cooperative action and with it the social progress achieved, how much do the results coming from cooperatives contribute to the SDGs? This work aims at identifying which constructs relying on economic theories that govern monetary, non-monetary and convertible measurement should be taken into account. To pursue it, a measurement of Release of Resources, Social Surpluses and Merit Goods of Cooperativism. Each of these calculations is based on the fact that there is Non-Persistence in Personalist Profit Motive. Furthermore, the Release of Resources, Social Surpluses and Merit Goods stemming from cooperativism make up routines that result, technically speaking, in extended Social Transfers in Kind (STK, hereinafter), but they are on the ""expanded way""."
FRAGMENTO::2-s2.0-85088984023::resumen::10,FRAGMENTO,2-s2.0-85088984023::resumen::10,,,2-s2.0-85088984023::resumen::10,resumen,en,"These determine the differentiating factors of cooperatives (and of other social-economy-based companies) in contrast to capitalist firms. These issues are closely related to the institutionalist view regarding social and cooperative economy. On the other hand, the graphic expression of a network linking the SDGs to the Cooperative Principles either at a micro level (cooperative) or at a certain level of aggregation (whether sectorial, spatial, by type of cooperative, and/or for each component of the social economies) shapes the graph which may clarify the concepts network as far as centrality and cohesion of the network of relationships is concerned. Thus, if a node has more relationships with the rest and these are even sounder, it will be considered the head in the network."
FRAGMENTO::2-s2.0-85088984023::resumen::11,FRAGMENTO,2-s2.0-85088984023::resumen::11,,,2-s2.0-85088984023::resumen::11,resumen,en,"The node centrality can be located on the graph depicting the network based on algorithms available on UCINET 6 and Netdraw. Thus, the transversality of the cooperative principles and SDGs is inferred. As expressed above and based upon the results of the Delphi method, a group of experts on cooperativism from CIRIEC-Colombia and the Colombian cooperative community evaluate the contribution of cooperativism to the SDGs in a mode 2 data matrix on a Likert scale 1-3, from which it is possible to obtain networks based on the transversality of the cooperative principles by means of common SDGs, or of SDGs under common Cooperative Principles. In this sense, to approximate the correspondence between the 17 SDGs and the 7 Cooperative Principles, the experts will break down the goals of each of the 17 SDGs and apply a scale to the contribution of the cooperative principles towards them.: 1."
FRAGMENTO::2-s2.0-85088984023::resumen::12,FRAGMENTO,2-s2.0-85088984023::resumen::12,,,2-s2.0-85088984023::resumen::12,resumen,en,"Hard, 2. Marginal, 3. Adequate. Then, an average is obtained from the scale of the goals making up each SDG. At the same time, the relationship between the cooperative principles and the SDGs is cross checked so that the correlations offer a valuable network as regards intensity of the contribution between the nodes (Principles and Goals) involved. For the ""Core-Periphery"" analysis of the network, that is, of the most intense versus least intense interrelationships, the ""hill climbing"" algorithm is applied to UCINET 6, which adjusts itself to the ideal division of the nodes using the number of relationships for binary data in an initial split and an eigenvector for the valued data available for the matters, along with several random divisions. This algorithm iterates to fit the initial splits of the nodes and reports the best alignment."
FRAGMENTO::2-s2.0-85088984023::resumen::13,FRAGMENTO,2-s2.0-85088984023::resumen::13,,,2-s2.0-85088984023::resumen::13,resumen,en,"Results The Cooperative Principles can be characterized as specific, with a mainly internal repercussion, such as the principles of Open and Voluntary Membership, Democratic Member Control and Autonomy Training, and Information, Concern for Community and Cooperation Among Cooperatives, among others, are protagonists of an additional contribution outside the specific cooperative environment, understood as additional externalities, due to the fact that many SDGs are broken apart into goals to which, almost exclusively, one can contribute through public policies and they are not easily opened to the cooperatives' contributions."
FRAGMENTO::2-s2.0-85088984023::resumen::14,FRAGMENTO,2-s2.0-85088984023::resumen::14,,,2-s2.0-85088984023::resumen::14,resumen,en,"Another network of SDGs-cooperative principles clusters, at its core, the principles concerned with Members' Economic Participation, Equality, Education, Training, and Information, Cooperation Among Cooperatives and Concern for Community, together with the SDGs Sustainable Cities And Communities and Quality Education. The article highlights that, due to its representation of centrality, ""power"" is itself aligned with the more central nodes and the principle of Concern for Community, for being the node with the highest concentration to the contribution of the SDGs."
FRAGMENTO::2-s2.0-85088984023::resumen::15,FRAGMENTO,2-s2.0-85088984023::resumen::15,,,2-s2.0-85088984023::resumen::15,resumen,en,"Secondly, it outlines the principle of Education, Training, and Information, and so on until the most peripheral principles are reached; but nonetheless important, the relationship of Autonomy and to SDGs is likewise significant for cooperative endeavors and stands out for its capacity to contribute to the accomplishment of any SDG and ostensibly reduces with regard to the first ones. The representation of the Cooperative Principles of Concern for Community, and of Equality are also highlighted as transversal axes of the remaining cooperative principles and a good set of SDGs. This is what follows when applying the analysis of main components to the matrix of relationships between the cooperative principles and SDGs. Finally, a clustering is obtained from the cooperative principles (SDGs), which offer a certain taxonomy of possible relationships between the components of both dimensions."
FRAGMENTO::2-s2.0-85088984023::resumen::16,FRAGMENTO,2-s2.0-85088984023::resumen::16,,,2-s2.0-85088984023::resumen::16,resumen,en,"Belonging to the same cluster means that properties are shared. Thus, 4 groups of nodes are obtained. Their distinguishing features are the following ones: 1-Strong transversality. This grouping constitutes the strongest cross-cutting relationships and interdependencies between cooperative principles and the SDGs. 2-General collateral transversality. This grouping of relationships is configured on the positive externalities of cooperativism towards the more general environment. 3-Specific collateral transversality. This cluster is configured on positive externalities of cooperativism towards its more specific environment. 4-Implicit transversality. This grouping of relationships supposes potential effects of internalization towards cooperativism as an institution."
FRAGMENTO::2-s2.0-85088984023::resumen::17,FRAGMENTO,2-s2.0-85088984023::resumen::17,,,2-s2.0-85088984023::resumen::17,resumen,en,"Conclusions Once the network analysis is carried out, it is possible to derive a close relationship between the Cooperative Principles and the aims of the SDGs, and as far as the Colombian model is concerned, there is evidence that cooperatives contribute to the fulfillment of the SDGs by virtue of the enhancement of their principles. The questionnaire survey implemented to 16 Colombian cooperatives shows, for instance, that cooperatives generate between 10 and 15 percentage points of STK (expanded) on average to groups that cover diverse stakeholders. The findings emphasize that principles such as Concern for Community, and Education, Training, and Information, to mention some, are more related to the fulfillment of the SDG goals and, therefore, the practices carried out in response to these principles will tend to generate more transversal contributions."
FRAGMENTO::2-s2.0-85088984023::resumen::18,FRAGMENTO,2-s2.0-85088984023::resumen::18,,,2-s2.0-85088984023::resumen::18,resumen,en,"But this does not undermine the importance of the other cooperative principles as they play a part in the organizational environment of multiple actors making up the cooperatives. In this way, the findings reinforce cooperative identity as a core element to direct contributions of cooperatives to the decisions made under Agenda 2030. Original Value and Limitations The work notes that, at this time and because of partiality, it is feasible to reach consensus on micro, meso and macroeconomic indicators to perform comparative and differentiated analyzes regarding each geography aimed at giving a usefulness to Social Balances as an instrument for the construction of Public Policies."
FRAGMENTO::2-s2.0-85088984023::resumen::19,FRAGMENTO,2-s2.0-85088984023::resumen::19,,,2-s2.0-85088984023::resumen::19,resumen,en,"Therefore, there are still enormous challenges such as working on tools that allow bundlings between individual social balances, promoting criteria to value the release of resources generated by the differentials that cooperative members obtain for their transactions with their cooperative in relation to market prices, quantifying social"
FRAGMENTO::2-s2.0-85088984023::palabras_clave::20,FRAGMENTO,2-s2.0-85088984023::palabras_clave::20,,,2-s2.0-85088984023::palabras_clave::20,palabras_clave,en,Cooperative principles | Social balance | Social networks analysis | Social transfers in kind | Sustainable development goals
FRAGMENTO::2-s2.0-85088984023::nombre_revista_libro::21,FRAGMENTO,2-s2.0-85088984023::nombre_revista_libro::21,,,2-s2.0-85088984023::nombre_revista_libro::21,nombre_revista_libro,es,Ciriec Espana Revista De Economia Publica Social Y Cooperativa
FRAGMENTO::2-s2.0-85088984023::fuente::22,FRAGMENTO,2-s2.0-85088984023::fuente::22,,,2-s2.0-85088984023::fuente::22,fuente,desconocido,Scopus | CvLAC | Google Scholar
FRAGMENTO::2-s2.0-85088984023::coautores::23,FRAGMENTO,2-s2.0-85088984023::coautores::23,,,2-s2.0-85088984023::coautores::23,coautores,desconocido,"Conde, Miguel Ángel Alarcón;Rodríguez, Juan Fernando Álvarez"
FRAGMENTO::2-s2.0-85088984023::afiliacion_coautores::24,FRAGMENTO,2-s2.0-85088984023::afiliacion_coautores::24,,,2-s2.0-85088984023::afiliacion_coautores::24,afiliacion_coautores,es,Pontificia Universidad Javeriana; Universidad de Castilla-La Mancha
FRAGMENTO::2-s2.0-85088984023::pais_coautores::25,FRAGMENTO,2-s2.0-85088984023::pais_coautores::25,,,2-s2.0-85088984023::pais_coautores::25,pais_coautores,desconocido,Colombia; Spain
FACULTAD::estudios ambientales y rurales,FACULTAD,ESTUDIOS AMBIENTALES Y RURALES,,,,,,
PROGRAMA::visita fear,PROGRAMA,Visita FEAR,,,,,,
"INVESTIGADOR::alvarez rodriguez, juan fernando",INVESTIGADOR,"Alvarez Rodriguez, Juan Fernando",,,,,,
PALABRA_CLAVE::cooperative principles,PALABRA_CLAVE,Cooperative principles,,,,,,
PALABRA_CLAVE::social balance,PALABRA_CLAVE,Social balance,,,,,,
PALABRA_CLAVE::social networks analysis,PALABRA_CLAVE,Social networks analysis,,,,,,
PALABRA_CLAVE::social transfers in kind,PALABRA_CLAVE,Social transfers in kind,,,,,,
PALABRA_CLAVE::sustainable development goals,PALABRA_CLAVE,Sustainable development goals,,,,,,
"COAUTOR::conde, miguel angel alarcon",COAUTOR,"Conde, Miguel Ángel Alarcón",,,,,,
"COAUTOR::rodriguez, juan fernando alvarez",COAUTOR,"Rodríguez, Juan Fernando Álvarez",,,,,,
AFILIACION::pontificia universidad javeriana,AFILIACION,Pontificia Universidad Javeriana,,,,,,
AFILIACION::universidad de castilla-la mancha,AFILIACION,Universidad de Castilla-La Mancha,,,,,,
PAIS::colombia,PAIS,Colombia,,,,,,
PAIS::spain,PAIS,Spain,,,,,,
ARTICULO::2-s2.0-85141889957,ARTICULO,Consenso Colombiano de Tratamiento del Espectro de Acretismo Placentario (EAP),,2-s2.0-85141889957,,,,
FRAGMENTO::2-s2.0-85141889957::facultad::1,FRAGMENTO,2-s2.0-85141889957::facultad::1,,,2-s2.0-85141889957::facultad::1,facultad,desconocido,MEDICINA
FRAGMENTO::2-s2.0-85141889957::programa_creacion::2,FRAGMENTO,2-s2.0-85141889957::programa_creacion::2,,,2-s2.0-85141889957::programa_creacion::2,programa_creacion,desconocido,Mega Prime Medicina
FRAGMENTO::2-s2.0-85141889957::tipo_documental::3,FRAGMENTO,2-s2.0-85141889957::tipo_documental::3,,,2-s2.0-85141889957::tipo_documental::3,tipo_documental,desconocido,ARTICLE
FRAGMENTO::2-s2.0-85141889957::investigador_docente::4,FRAGMENTO,2-s2.0-85141889957::investigador_docente::4,,,2-s2.0-85141889957::investigador_docente::4,investigador_docente,desconocido,"Silva Herrera, Jaime Luis"
FRAGMENTO::2-s2.0-85141889957::anio::5,FRAGMENTO,2-s2.0-85141889957::anio::5,,,2-s2.0-85141889957::anio::5,anio,desconocido,2022
FRAGMENTO::2-s2.0-85141889957::nombre_producto::6,FRAGMENTO,2-s2.0-85141889957::nombre_producto::6,,,2-s2.0-85141889957::nombre_producto::6,nombre_producto,es,Consenso Colombiano de Tratamiento del Espectro de Acretismo Placentario (EAP)
FRAGMENTO::2-s2.0-85141889957::resumen::7,FRAGMENTO,2-s2.0-85141889957::resumen::7,,,2-s2.0-85141889957::resumen::7,resumen,mixto,"Introducción: el espectro de acretismo placentario (EAP) es una condición asociada a sangrado masivo posparto y mortalidad materna. Las guías de manejo publicadas en países de altos ingresos recomiendan la participación de grupos interdisciplinarios en hospitales con recursos suficientes para realizar procedimientos complejos. Sin embargo, algunas de las recomendaciones de estas guías resultan difíciles de aplicar en países de bajos y medianos ingresos. OBJETIVOS: este consenso busca formular recomendaciones generales para el tratamiento del EAP en Colombia. Materiales y métodos: en el consenso participaron 23 panelistas, quienes respondieron 31 preguntas sobre el tratamiento de EAP. Los panelistas fueron seleccionados con base en la participación en dos encuestas realizadas para determinar la capacidad resolutiva de hospitales en el país y la región."
FRAGMENTO::2-s2.0-85141889957::resumen::8,FRAGMENTO,2-s2.0-85141889957::resumen::8,,,2-s2.0-85141889957::resumen::8,resumen,mixto,"Se utilizó la metodología Delphi modificada, incorporando dos rondas sucesivas de discusión. Para emitir las recomendaciones el grupo tomó en cuenta la opinión de los participantes, que lograron un consenso mayor al 80 %, así como las barreras y los facilitadores para su implementación. RESULTADOS: el consenso formuló cinco recomendaciones integrando las respuestas de los panelistas. Recomendación 1. Las instituciones de atención primaria deben realizar búsqueda activa de EAP en pacientes con factores de riesgo: placenta previa e historia de miomectomía o cesárea en embarazo previo. En caso de haber signos sugestivos de EAP por ecografía, las pacientes deben ser remitidas de manera inmediata, sin tener una edad gestacional mínima, a hospitales reconocidos como centros de referencia."
FRAGMENTO::2-s2.0-85141889957::resumen::9,FRAGMENTO,2-s2.0-85141889957::resumen::9,,,2-s2.0-85141889957::resumen::9,resumen,es,"Las modalidades virtuales de comunicación y atención en salud pueden facilitar la interacción entre las instituciones de atención primaria y los centros de referencia para EAP. Se debe evaluar el beneficio y riesgo de las modalidades de telemedicina. Recomendación 2. Es necesario que se definan hospitales de referencia para EAP en cada región de Colombia, asegurando el cubrimiento de la totalidad del territorio nacional. Es aconsejable concentrar el flujo de pacientes afectadas por esta condición en unos pocos hospitales, donde haya equipos de cirujanos con entrenamiento específico en EAP, disponibilidad de recursos especializados y un esfuerzo institucional por mejorar la calidad de atención, en busca de tener mejores resultados en la salud de las gestantes con esta condición."
FRAGMENTO::2-s2.0-85141889957::resumen::10,FRAGMENTO,2-s2.0-85141889957::resumen::10,,,2-s2.0-85141889957::resumen::10,resumen,mixto,"Para lograr ese objetivo los participantes recomiendan que los entes reguladores de la prestación de servicios de salud a nivel nacional, regional o local vigilen el proceso de remisión de estas pacientes, facilitando rutas administrativas en caso de que no exista contrato previo entre el asegurador y el hospital o la clínica seleccionada (IPS). Recomendación 3. En los centros de referencia para pacientes con EAP se invita a la creación de equipos que incorporen un grupo fijo de especialistas (obstetras, urólogos, cirujanos generales, radiólogos intervencionistas) encargados de atender todos los casos de EAP. Es recomendable que esos grupos interdisciplinarios utilicen el modelo de ""paquete de intervención"" como guía para la preparación de los centros de referencia para EAP."
FRAGMENTO::2-s2.0-85141889957::resumen::11,FRAGMENTO,2-s2.0-85141889957::resumen::11,,,2-s2.0-85141889957::resumen::11,resumen,es,"Este modelo consta de las siguientes actividades: preparación de los servicios, prevención e identificación de la enfermedad, respuesta ante la presentación de la enfermedad, aprendizaje luego de cada evento. La telemedicina facilita el tratamiento de EAP y debe ser tenida en cuenta por los grupos interdisciplinarios que atienden esta enfermedad. Recomendación 4. Los residentes de Obstetricia deben recibir instrucción en maniobras útiles para la prevención y el tratamiento del sangrado intraoperatorio masivo por placenta previa y EAP, tales como: la compresión manual de la aorta, el torniquete uterino, el empaquetamiento pélvico, el bypass retrovesical y la maniobra de Ward. Los conceptos básicos de diagnóstico y tratamiento de EAP deben incluirse en los programas de especialización en Ginecología y Obstetricia en Colombia."
FRAGMENTO::2-s2.0-85141889957::resumen::12,FRAGMENTO,2-s2.0-85141889957::resumen::12,,,2-s2.0-85141889957::resumen::12,resumen,mixto,"En los centros de referencia del EAP se deben ofrecer programas de entrenamiento a los profesionales interesados en mejorar sus competencias en EAP de manera presencial y virtual. Además, deben ofrecer soporte asistencial remoto (telemedicina) permanente a los demás hospitales en su región, en relación con pacientes con esa enfermedad. Recomendación 5. La finalización de la gestación en pacientes con sospecha de EAP y placenta previa, por imágenes diagnósticas, sin evidencia de sangrado vaginal activo, debe llevarse a cabo entre las semanas 34 y 36 6/7. El tratamiento quirúrgico debe incluir intervenciones secuenciales que pueden variar según las características de la lesión, la situación clínica de la paciente y los recursos disponibles."
FRAGMENTO::2-s2.0-85141889957::resumen::13,FRAGMENTO,2-s2.0-85141889957::resumen::13,,,2-s2.0-85141889957::resumen::13,resumen,mixto,"Las opciones quirúrgicas (histerectomía total y subtotal, manejo quirúrgico conservador en un paso y manejo expectante) deben incluirse en un protocolo conocido por todo el equipo interdisciplinario. En escenarios sin diagnóstico anteparto, es decir, ante un hallazgo intraoperatorio de EAP (evidencia de abultamiento violáceo o neovascularización de la cara anterior del útero), y con participación de personal no entrenado, se plantean tres situaciones: Primera opción: en ausencia de indicación de nacimiento inmediato o sangrado vaginal, se recomienda diferir la cesárea (cerrar la laparotomía antes de incidir el útero) hasta asegurar la disponibilidad de los recursos recomendados para llevar a cabo una cirugía segura."
FRAGMENTO::2-s2.0-85141889957::resumen::14,FRAGMENTO,2-s2.0-85141889957::resumen::14,,,2-s2.0-85141889957::resumen::14,resumen,mixto,"Segunda opción: ante indicación de nacimiento inmediato (por ejemplo, estado fetal no tranquilizador), pero sin sangrado vaginal o indicación de manejo inmediato de EAP, se sugiere realizar manejo en dos tiempos: se realiza la cesárea evitando incidir la placenta, seguida de histerorrafia y cierre de abdomen, hasta asegurar la disponibilidad de los recursos recomendados para llevar a cabo una cirugía segura. Tercera opción: en presencia de sangrado vaginal que hace imposible diferir el manejo definitivo de EAP, es necesario extraer el feto por el fondo del útero, realizar la histerorrafia y reevaluar. En ocasiones, el nacimiento del feto disminuye el flujo placentario y el sangrado vaginal se reduce o desaparece, lo que hace posible diferir el manejo definitivo de EAP."
FRAGMENTO::2-s2.0-85141889957::resumen::15,FRAGMENTO,2-s2.0-85141889957::resumen::15,,,2-s2.0-85141889957::resumen::15,resumen,mixto,"Si el sangrado significativo persiste, es necesario continuar con la histerectomía haciendo uso de los recursos disponibles: compresión manual de la aorta, llamado inmediato a los cirujanos con mejor entrenamiento disponible, soporte de grupos expertos de otros hospitales a través de telemedicina. Si una paciente con factores de riesgo para EAP (por ejemplo, miomectomía o cesárea previa) presenta retención de placenta posterior al parto vaginal, es recomendable confirmar la posibilidad de dicho diagnóstico (por ejemplo, realizando una ecografía) antes de intentar la extracción manual de la placenta. CONCLUSIONES: esperamos que este primer consenso colombiano de EAP sirva como base para discusiones adicionales y trabajos colaborativos que mejoren los resultados clínicos de las mujeres afectadas por esta enfermedad."
FRAGMENTO::2-s2.0-85141889957::resumen::16,FRAGMENTO,2-s2.0-85141889957::resumen::16,,,2-s2.0-85141889957::resumen::16,resumen,es,Evaluar la aplicabilidad y efectividad de las recomendaciones emitidas requerirá investigaciones adicionales.
FRAGMENTO::2-s2.0-85141889957::palabras_clave::17,FRAGMENTO,2-s2.0-85141889957::palabras_clave::17,,,2-s2.0-85141889957::palabras_clave::17,palabras_clave,es,placenta acreta | conferencia de consenso | países en desarrollo | recursos en salud | consensus conference | developing countries | healthcare resources
FRAGMENTO::2-s2.0-85141889957::nombre_revista_libro::18,FRAGMENTO,2-s2.0-85141889957::nombre_revista_libro::18,,,2-s2.0-85141889957::nombre_revista_libro::18,nombre_revista_libro,es,Revista colombiana de obstetricia y ginecologia
FRAGMENTO::2-s2.0-85141889957::fuente::19,FRAGMENTO,2-s2.0-85141889957::fuente::19,,,2-s2.0-85141889957::fuente::19,fuente,desconocido,Scopus | CvLAC
FRAGMENTO::2-s2.0-85141889957::coautores::20,FRAGMENTO,2-s2.0-85141889957::coautores::20,,,2-s2.0-85141889957::coautores::20,coautores,desconocido,"Nieto-Calvache, Albaro José; Sanín-Blair, José Enrique; Buitrago-Leal, Haidi Marcela; Benavides-Serralde, Jesús Andrés; Maya-Castro, Juliana; Rozo-Rangel, Adda Piedad; Messa-Bryon, Adriana; Colonia-Toro, Alejandro; Gómez-Castro, Armando Rafael; Cardona-Ospina, Arturo; Caicedo-Cáceres, Carlos Eduardo; Dorado-Roncancio, Elkin Fabian; Silva-Herrera, Jaime Luis; Carvajal-Valencia, Javier Andrés; Velásquez-Penagos, Jesús Arnulfo; Niño-Gonzáles, Jorge Ernesto; Burgos-Luna, Juan Manuel; Rincón-García, Juan Carlos; Matera-Torres, Lía; Villamizar -Galvis, Orlando Afranio; Olaya-Garay, Sandra Ximena; Medina-Palmezano, Virna Patricia; Castañeda, Jimmy"
FRAGMENTO::2-s2.0-85141889957::afiliacion_coautores::21,FRAGMENTO,2-s2.0-85141889957::afiliacion_coautores::21,,,2-s2.0-85141889957::afiliacion_coautores::21,afiliacion_coautores,es,"Centro Médico Imbanaco; Fundación Universitaria Autónoma de las Américas; Hospital De San José, Bogotá; Fundación Valle del Lili; Clínica Universitaria Bolivariana; Universidad Icesi; Universidad Antonio Nariño; Hospital General de Medellin Luz Castro de Gutiérrez - E.S.E; Hospital Universitario Clínica San Rafael; Universidad de Antioquia; Universidad de Cartagena; Hospital Universitario San Ignacio; Clínica Las Vegas Grupo Quirón Salud; SES Hospital Universitario de Caldas; Hospital Federico Lleras Acosta; La Misericordia Clínica Internacional; Federación Colombiana de Obstetricia y Ginecología (FECOLSOG); Clínica Santa Ana – Clínica Norte; Hospital Universitario San Rafael; Unidad de Medicina Materno Fetal"
FRAGMENTO::2-s2.0-85141889957::pais_coautores::22,FRAGMENTO,2-s2.0-85141889957::pais_coautores::22,,,2-s2.0-85141889957::pais_coautores::22,pais_coautores,desconocido,Colombia
FACULTAD::medicina,FACULTAD,MEDICINA,,,,,,
PROGRAMA::mega prime medicina,PROGRAMA,Mega Prime Medicina,,,,,,
"INVESTIGADOR::silva herrera, jaime luis",INVESTIGADOR,"Silva Herrera, Jaime Luis",,,,,,
PALABRA_CLAVE::placenta acreta,PALABRA_CLAVE,placenta acreta,,,,,,
PALABRA_CLAVE::conferencia de consenso,PALABRA_CLAVE,conferencia de consenso,,,,,,
PALABRA_CLAVE::paises en desarrollo,PALABRA_CLAVE,países en desarrollo,,,,,,
PALABRA_CLAVE::recursos en salud,PALABRA_CLAVE,recursos en salud,,,,,,
PALABRA_CLAVE::consensus conference,PALABRA_CLAVE,consensus conference,,,,,,
PALABRA_CLAVE::developing countries,PALABRA_CLAVE,developing countries,,,,,,
PALABRA_CLAVE::healthcare resources,PALABRA_CLAVE,healthcare resources,,,,,,
"COAUTOR::nieto-calvache, albaro jose",COAUTOR,"Nieto-Calvache, Albaro José",,,,,,
"COAUTOR::sanin-blair, jose enrique",COAUTOR,"Sanín-Blair, José Enrique",,,,,,
"COAUTOR::buitrago-leal, haidi marcela",COAUTOR,"Buitrago-Leal, Haidi Marcela",,,,,,
"COAUTOR::benavides-serralde, jesus andres",COAUTOR,"Benavides-Serralde, Jesús Andrés",,,,,,
"COAUTOR::maya-castro, juliana",COAUTOR,"Maya-Castro, Juliana",,,,,,
"COAUTOR::rozo-rangel, adda piedad",COAUTOR,"Rozo-Rangel, Adda Piedad",,,,,,
"COAUTOR::messa-bryon, adriana",COAUTOR,"Messa-Bryon, Adriana",,,,,,
"COAUTOR::colonia-toro, alejandro",COAUTOR,"Colonia-Toro, Alejandro",,,,,,
"COAUTOR::gomez-castro, armando rafael",COAUTOR,"Gómez-Castro, Armando Rafael",,,,,,
"COAUTOR::cardona-ospina, arturo",COAUTOR,"Cardona-Ospina, Arturo",,,,,,
"COAUTOR::caicedo-caceres, carlos eduardo",COAUTOR,"Caicedo-Cáceres, Carlos Eduardo",,,,,,
"COAUTOR::dorado-roncancio, elkin fabian",COAUTOR,"Dorado-Roncancio, Elkin Fabian",,,,,,
"COAUTOR::silva-herrera, jaime luis",COAUTOR,"Silva-Herrera, Jaime Luis",,,,,,
"COAUTOR::carvajal-valencia, javier andres",COAUTOR,"Carvajal-Valencia, Javier Andrés",,,,,,
"COAUTOR::velasquez-penagos, jesus arnulfo",COAUTOR,"Velásquez-Penagos, Jesús Arnulfo",,,,,,
"COAUTOR::nino-gonzales, jorge ernesto",COAUTOR,"Niño-Gonzáles, Jorge Ernesto",,,,,,
"COAUTOR::burgos-luna, juan manuel",COAUTOR,"Burgos-Luna, Juan Manuel",,,,,,
"COAUTOR::rincon-garcia, juan carlos",COAUTOR,"Rincón-García, Juan Carlos",,,,,,
"COAUTOR::matera-torres, lia",COAUTOR,"Matera-Torres, Lía",,,,,,
"COAUTOR::villamizar -galvis, orlando afranio",COAUTOR,"Villamizar -Galvis, Orlando Afranio",,,,,,
"COAUTOR::olaya-garay, sandra ximena",COAUTOR,"Olaya-Garay, Sandra Ximena",,,,,,
"COAUTOR::medina-palmezano, virna patricia",COAUTOR,"Medina-Palmezano, Virna Patricia",,,,,,
"COAUTOR::castaneda, jimmy",COAUTOR,"Castañeda, Jimmy",,,,,,
AFILIACION::centro medico imbanaco,AFILIACION,Centro Médico Imbanaco,,,,,,
AFILIACION::fundacion universitaria autonoma de las americas,AFILIACION,Fundación Universitaria Autónoma de las Américas,,,,,,
"AFILIACION::hospital de san jose, bogota",AFILIACION,"Hospital De San José, Bogotá",,,,,,
AFILIACION::fundacion valle del lili,AFILIACION,Fundación Valle del Lili,,,,,,
AFILIACION::clinica universitaria bolivariana,AFILIACION,Clínica Universitaria Bolivariana,,,,,,
AFILIACION::universidad icesi,AFILIACION,Universidad Icesi,,,,,,
AFILIACION::universidad antonio narino,AFILIACION,Universidad Antonio Nariño,,,,,,
AFILIACION::hospital general de medellin luz castro de gutierrez - e.s.e,AFILIACION,Hospital General de Medellin Luz Castro de Gutiérrez - E.S.E,,,,,,
AFILIACION::hospital universitario clinica san rafael,AFILIACION,Hospital Universitario Clínica San Rafael,,,,,,
AFILIACION::universidad de antioquia,AFILIACION,Universidad de Antioquia,,,,,,
AFILIACION::universidad de cartagena,AFILIACION,Universidad de Cartagena,,,,,,
AFILIACION::hospital universitario san ignacio,AFILIACION,Hospital Universitario San Ignacio,,,,,,
AFILIACION::clinica las vegas grupo quiron salud,AFILIACION,Clínica Las Vegas Grupo Quirón Salud,,,,,,
AFILIACION::ses hospital universitario de caldas,AFILIACION,SES Hospital Universitario de Caldas,,,,,,
AFILIACION::hospital federico lleras acosta,AFILIACION,Hospital Federico Lleras Acosta,,,,,,
AFILIACION::la misericordia clinica internacional,AFILIACION,La Misericordia Clínica Internacional,,,,,,
AFILIACION::federacion colombiana de obstetricia y ginecologia (fecolsog),AFILIACION,Federación Colombiana de Obstetricia y Ginecología (FECOLSOG),,,,,,
AFILIACION::clinica santa ana clinica norte,AFILIACION,Clínica Santa Ana – Clínica Norte,,,,,,
AFILIACION::hospital universitario san rafael,AFILIACION,Hospital Universitario San Rafael,,,,,,
AFILIACION::unidad de medicina materno fetal,AFILIACION,Unidad de Medicina Materno Fetal,,,,,,
ARTICULO::2-s2.0-85189898702,ARTICULO,"Global burden of 288 causes of death and life expectancy decomposition in 204 countries and territories and 811 subnational locations, 1990–2021: a systematic analysis for the Global Burden of Disease Study 2021",,2-s2.0-85189898702,,,,
FRAGMENTO::2-s2.0-85189898702::facultad::1,FRAGMENTO,2-s2.0-85189898702::facultad::1,,,2-s2.0-85189898702::facultad::1,facultad,desconocido,INGENIERÍA
FRAGMENTO::2-s2.0-85189898702::programa_creacion::2,FRAGMENTO,2-s2.0-85189898702::programa_creacion::2,,,2-s2.0-85189898702::programa_creacion::2,programa_creacion,desconocido,TandaPrime Ingenieria
FRAGMENTO::2-s2.0-85189898702::tipo_documental::3,FRAGMENTO,2-s2.0-85189898702::tipo_documental::3,,,2-s2.0-85189898702::tipo_documental::3,tipo_documental,desconocido,ARTICLE
FRAGMENTO::2-s2.0-85189898702::investigador_docente::4,FRAGMENTO,2-s2.0-85189898702::investigador_docente::4,,,2-s2.0-85189898702::investigador_docente::4,investigador_docente,desconocido,"Barrero Solano, Lope Hugo"
FRAGMENTO::2-s2.0-85189898702::anio::5,FRAGMENTO,2-s2.0-85189898702::anio::5,,,2-s2.0-85189898702::anio::5,anio,desconocido,2024
FRAGMENTO::2-s2.0-85189898702::nombre_producto::6,FRAGMENTO,2-s2.0-85189898702::nombre_producto::6,,,2-s2.0-85189898702::nombre_producto::6,nombre_producto,en,"Global burden of 288 causes of death and life expectancy decomposition in 204 countries and territories and 811 subnational locations, 1990–2021: a systematic analysis for the Global Burden of Disease Study 2021"
FRAGMENTO::2-s2.0-85189898702::resumen::7,FRAGMENTO,2-s2.0-85189898702::resumen::7,,,2-s2.0-85189898702::resumen::7,resumen,en,"Background: Regular, detailed reporting on population health by underlying cause of death is fundamental for public health decision making. Cause-specific estimates of mortality and the subsequent effects on life expectancy worldwide are valuable metrics to gauge progress in reducing mortality rates. These estimates are particularly important following large-scale mortality spikes, such as the COVID-19 pandemic. When systematically analysed, mortality rates and life expectancy allow comparisons of the consequences of causes of death globally and over time, providing a nuanced understanding of the effect of these causes on global populations."
FRAGMENTO::2-s2.0-85189898702::resumen::8,FRAGMENTO,2-s2.0-85189898702::resumen::8,,,2-s2.0-85189898702::resumen::8,resumen,en,"Methods: The Global Burden of Diseases, Injuries, and Risk Factors Study (GBD) 2021 cause-of-death analysis estimated mortality and years of life lost (YLLs) from 288 causes of death by age-sex-location-year in 204 countries and territories and 811 subnational locations for each year from 1990 until 2021. The analysis used 56 604 data sources, including data from vital registration and verbal autopsy as well as surveys, censuses, surveillance systems, and cancer registries, among others."
FRAGMENTO::2-s2.0-85189898702::resumen::9,FRAGMENTO,2-s2.0-85189898702::resumen::9,,,2-s2.0-85189898702::resumen::9,resumen,en,"As with previous GBD rounds, cause-specific death rates for most causes were estimated using the Cause of Death Ensemble model—a modelling tool developed for GBD to assess the out-of-sample predictive validity of different statistical models and covariate permutations and combine those results to produce cause-specific mortality estimates—with alternative strategies adapted to model causes with insufficient data, substantial changes in reporting over the study period, or unusual epidemiology. YLLs were computed as the product of the number of deaths for each cause-age-sex-location-year and the standard life expectancy at each age. As part of the modelling process, uncertainty intervals (UIs) were generated using the 2·5th and 97·5th percentiles from a 1000-draw distribution for each metric."
FRAGMENTO::2-s2.0-85189898702::resumen::10,FRAGMENTO,2-s2.0-85189898702::resumen::10,,,2-s2.0-85189898702::resumen::10,resumen,en,"We decomposed life expectancy by cause of death, location, and year to show cause-specific effects on life expectancy from 1990 to 2021. We also used the coefficient of variation and the fraction of population affected by 90% of deaths to highlight concentrations of mortality. Findings are reported in counts and age-standardised rates. Methodological improvements for cause-of-death estimates in GBD 2021 include the expansion of under-5-years age group to include four new age groups, enhanced methods to account for stochastic variation of sparse data, and the inclusion of COVID-19 and other pandemic-related mortality—which includes excess mortality associated with the pandemic, excluding COVID-19, lower respiratory infections, measles, malaria, and pertussis."
FRAGMENTO::2-s2.0-85189898702::resumen::11,FRAGMENTO,2-s2.0-85189898702::resumen::11,,,2-s2.0-85189898702::resumen::11,resumen,en,"For this analysis, 199 new country-years of vital registration cause-of-death data, 5 country-years of surveillance data, 21 country-years of verbal autopsy data, and 94 country-years of other data types were added to those used in previous GBD rounds. Findings: The leading causes of age-standardised deaths globally were the same in 2019 as they were in 1990; in descending order, these were, ischaemic heart disease, stroke, chronic obstructive pulmonary disease, and lower respiratory infections. In 2021, however, COVID-19 replaced stroke as the second-leading age-standardised cause of death, with 94·0 deaths (95% UI 89·2–100·0) per 100 000 population. The COVID-19 pandemic shifted the rankings of the leading five causes, lowering stroke to the third-leading and chronic obstructive pulmonary disease to the fourth-leading position."
FRAGMENTO::2-s2.0-85189898702::resumen::12,FRAGMENTO,2-s2.0-85189898702::resumen::12,,,2-s2.0-85189898702::resumen::12,resumen,en,"In 2021, the highest age-standardised death rates from COVID-19 occurred in sub-Saharan Africa (271·0 deaths [250·1–290·7] per 100 000 population) and Latin America and the Caribbean (195·4 deaths [182·1–211·4] per 100 000 population). The lowest age-standardised death rates from COVID-19 were in the high-income super-region (48·1 deaths [47·4–48·8] per 100 000 population) and southeast Asia, east Asia, and Oceania (23·2 deaths [16·3–37·2] per 100 000 population). Globally, life expectancy steadily improved between 1990 and 2019 for 18 of the 22 investigated causes. Decomposition of global and regional life expectancy showed the positive effect that reductions in deaths from enteric infections, lower respiratory infections, stroke, and neonatal deaths, among others have contributed to improved survival over the study period."
FRAGMENTO::2-s2.0-85189898702::resumen::13,FRAGMENTO,2-s2.0-85189898702::resumen::13,,,2-s2.0-85189898702::resumen::13,resumen,en,"However, a net reduction of 1·6 years occurred in global life expectancy between 2019 and 2021, primarily due to increased death rates from COVID-19 and other pandemic-related mortality. Life expectancy was highly variable between super-regions over the study period, with southeast Asia, east Asia, and Oceania gaining 8·3 years (6·7–9·9) overall, while having the smallest reduction in life expectancy due to COVID-19 (0·4 years). The largest reduction in life expectancy due to COVID-19 occurred in Latin America and the Caribbean (3·6 years). Additionally, 53 of the 288 causes of death were highly concentrated in locations with less than 50% of the global population as of 2021, and these causes of death became progressively more concentrated since 1990, when only 44 causes showed this pattern."
FRAGMENTO::2-s2.0-85189898702::resumen::14,FRAGMENTO,2-s2.0-85189898702::resumen::14,,,2-s2.0-85189898702::resumen::14,resumen,en,"The concentration phenomenon is discussed heuristically with respect to enteric and lower respiratory infections, malaria, HIV/AIDS, neonatal disorders, tuberculosis, and measles. Interpretation: Long-standing gains in life expectancy and reductions in many of the leading causes of death have been disrupted by the COVID-19 pandemic, the adverse effects of which were spread unevenly among populations. Despite the pandemic, there has been continued progress in combatting several notable causes of death, leading to improved global life expectancy over the study period. Each of the seven GBD super-regions showed an overall improvement from 1990 and 2021, obscuring the negative effect in the years of the pandemic. Additionally, our findings regarding regional variation in causes of death driving increases in life expectancy hold clear policy utility."
FRAGMENTO::2-s2.0-85189898702::resumen::15,FRAGMENTO,2-s2.0-85189898702::resumen::15,,,2-s2.0-85189898702::resumen::15,resumen,en,"Analyses of shifting mortality trends reveal that several causes, once widespread globally, are now increasingly concentrated geographically. These changes in mortality concentration, alongside further investigation of changing risks, interventions, and relevant policy, present an important opportunity to deepen our understanding of mortality-reduction strategies. Examining patterns in mortality concentration might reveal areas where successful public health interventions have been implemented. Translating these successes to locations where certain causes of death remain entrenched can inform policies that work to improve life expectancy for people everywhere. Funding: Bill & Melinda Gates Foundation."
FRAGMENTO::2-s2.0-85189898702::nombre_revista_libro::16,FRAGMENTO,2-s2.0-85189898702::nombre_revista_libro::16,,,2-s2.0-85189898702::nombre_revista_libro::16,nombre_revista_libro,en,The Lancet
FRAGMENTO::2-s2.0-85189898702::fuente::17,FRAGMENTO,2-s2.0-85189898702::fuente::17,,,2-s2.0-85189898702::fuente::17,fuente,desconocido,Scopus | CvLAC
FRAGMENTO::2-s2.0-85189898702::coautores::18,FRAGMENTO,2-s2.0-85189898702::coautores::18,,,2-s2.0-85189898702::coautores::18,coautores,en,"Naghavi, Mohsen; Ong, Kanyin Liane; Aali, Amirali; Ababneh, Hazim S.; Abate, Yohannes Habtegiorgis; Abbafati, Cristiana; Abbasgholizadeh, Rouzbeh; Abbasian, Mohammadreza; Abbasi-Kangevari, Mohsen; Abbastabar, Hedayat; Abd ElHafeez, Samar; Abdelmasseh, Michael; Abd-Elsalam, Sherief; Abdelwahab, Ahmed; Abdollahi, Mohammad; Abdollahifar, Mohammad Amin; Abdoun, Meriem; Abdulah, Deldar Morad; Abdullahi, Auwal; Abebe, Mesfin; Abebe, Samrawit Shawel; Abedi, Aidin; Abegaz, Kedir Hussein; Abhilash, E. S.; Abidi, Hassan; Abiodun, Olumide; Aboagye, Richard Gyan; Abolhassani, Hassan; Abolmaali, Meysam; Abouzid, Mohamed; Aboye, Girma Beressa; Abreu, Lucas Guimaraes; Abrha, Woldu Aberhe; Abtahi, Dariush; Abu Rumeileh, Samir; Abualruz, Hasan; Abubakar, Bilyaminu; Abu-Gharbieh, Eman; Abu-Rmeileh, Niveen Me; Aburuz, Salahdein; Abu-Zaid, Ahmed; Accrombessi, Manfred Mario Kokou; Adal, Tadele Girum; Adamu, Abdu A.; Addo, Isaac Yeboah; Addolorato, Giovanni; Adebiyi, Akindele Olupelumi; Adekanmbi, Victor; Adepoju, Abiola Victor; Adetunji, Charles Oluwaseun; Adetunji, Juliana Bunmi; Adeyeoluwa, Temitayo Esther; Adeyinka, Daniel Adedayo; Adeyomoye, Olorunsola Israel; Admass, Biruk Adie; Adnani, Qorinah Estiningtyas Sakilah; Adra, Saryia; Afolabi, Aanuoluwapo Adeyimika; Afzal, Muhammad Sohail; Afzal, Saira; Agampodi, Suneth Buddhika; Agasthi, Pradyumna; Aggarwal, Manik; Aghamiri, Shahin; Agide, Feleke Doyore; Agodi, Antonella; Agrawal, Anurag; Agyemang-Duah, Williams; Ahinkorah, Bright Opoku; Ahmad, Aqeel; Ahmad, Danish; Ahmad, Firdos; Ahmad, Muayyad M.; Ahmad, Sajjad; Ahmad, Shahzaib; Ahmad, Tauseef; Ahmadi, Keivan; Ahmadzade, Amir Mahmoud; Ahmed, Ali; Ahmed, Ayman; Ahmed, Haroon; Ahmed, Luai A.; Ahmed, Mehrunnisha Sharif; Ahmed, Meqdad Saleh; Ahmed, Muktar Beshir; Ahmed, Syed Anees; Ajami, Marjan; Aji, Budi; Akara, Essona Matatom; Akbarialiabad, Hossein; Akinosoglou, Karolina; Akinyemiju, Tomi; Akkaif, Mohammed Ahmed; Akyirem, Samuel; Al Hamad, Hanadi; Al Hasan, Syed Mahfuz; Alahdab, Fares; Alalalmeh, Samer O.; Alalwan, Tariq A.; Al-Aly, Ziyad"
FRAGMENTO::2-s2.0-85189898702::afiliacion_coautores::19,FRAGMENTO,2-s2.0-85189898702::afiliacion_coautores::19,,,2-s2.0-85189898702::afiliacion_coautores::19,afiliacion_coautores,mixto,"School of Medicine and Psychology; University of Medical Sciences; Abasyn University; University General Hospital of Patras; Public Health Foundation of India; Jhpiego Corporation; Babcock University; School of Pharmacy; Advanced Diagnostic and Interventional Radiology Research Center; The Institute of Pharmaceutical Sciences (TIPS); Research Center for Immunodeficiencies; Non-Communicable Diseases Research Center; University of Health and Allied Sciences, Ghana; Ashoka University; Majmaah University; Shaqra University; Aksum University; Wachemo University; Wolkite University; Madda Walabu University; Dilla University; Osun State University; Alfaisal University; UCSI University; Institute for Health Metrics and Evaluation; COMSATS University Islamabad; Nigerian Institute of Medical Research; Cancer Institute NSW; University of Duhok; University of Gondar; Sree Narayana Guru College, Chelannur; Rajarata University of Sri Lanka; Fondazione Policlinico Universitario Agostino Gemelli IRCCS; Rumailah Hospital; Hamad Medical Corporation; Birzeit University; Institute of Endemic Diseases Sudan; Haramaya University; Jimma University; Ajman University; University of Management and Technology Lahore; Universitas Jenderal Soedirman; Universitas Padjadjaran; Poznan University of Medical Sciences; Lebanese American University; Université Ferhat Abbas Sétif 1; International Vaccine Institute, Seoul; Al-Zaytoonah University of Jordan; The University of Jordan; King Edward Medical University Lahore; Yasuj University of Medical Sciences; Alexandria University; Usmanu Danfodiyo University; Sapienza Università di Roma; Università Cattolica del Sacro Cuore, Campus di Roma; University of South Australia; London School of Hygiene & Tropical Medicine; University of Patras; University of California, San Diego; Universidade Federal de Minas Gerais; Massachusetts General Hospital; University of Southern California; University of Washington School of Medicine; UNSW Sydney; University of California, Los Angeles; Mayo Clinic Scottsdale-Phoenix, Arizona; University of Technology Sydney; U.S. Department of Veterans Affairs; Universität Basel; Washington University School of Medicine in St. Louis; Cleveland Clinic Foundation; The Brody School of Medicine; University of Missouri School of Medicine; University College Hospital, Ibadan; John Sealy School of Medicine; Queen's University; National Nutrition and Food Technology Research Institute, Shahid Beheshti University of Medical Sciences; University of Saskatchewan; Keck School of Medicine of USC; Imperial College London; Martin-Luther-Universität Halle-Wittenberg; UNSW Medicine; Fudan University; The Hong Kong Polytechnic University; United Arab Emirates University; Yale School of Nursing; Yakın Doğu Üniversitesi; University of Ibadan; Southeast University; Duke University School of Medicine; Joan C. Edwards School of Medicine; Bayero University; Università degli Studi di Catania, Scuola di Medicina; Harvard Medical School; Baylor College of Medicine; University of Tennessee Health Science Center; Stellenbosch University; Mashhad University of Medical Sciences, School of Medicine; Mashhad University of Medical Sciences; Faculty of Medicine; University of Bahrain; Ministry of Health; McWilliams School of Biomedical Informatics; Clinical Sciences Department; Aleta Wondo Hospital; Edo State University Uzairue; Clinical Research Institute of Benin (IRCB); Khatam Alanbia Hospital; Adolescent Friendly Research Initiative and Care; Federal Ministry of Health; Shefa Neuroscience Research Center; King Edward Memorial Hospital; Riphah Institute of Pharmaceutical Sciences; College of Medicine; Conservation South Africa; Miami Cancer Institute; Institute of Public Health"
FRAGMENTO::2-s2.0-85189898702::pais_coautores::20,FRAGMENTO,2-s2.0-85189898702::pais_coautores::20,,,2-s2.0-85189898702::pais_coautores::20,pais_coautores,desconocido,Australia; Nigeria; Pakistan; Greece; India; United States; Iran; Ghana; Saudi Arabia; Ethiopia; Malaysia; Iraq; Sri Lanka; Italy; Qatar; Palestine; Sudan; United Arab Emirates; Indonesia; Poland; Lebanon; Algeria; South Korea; Jordan; Egypt; United Kingdom; Brazil; Switzerland; Canada; Germany; China; Hong Kong; Cyprus; South Africa; Bahrain; Togo; Benin
FRAGMENTO::2-s2.0-85189898702::financiadores::21,FRAGMENTO,2-s2.0-85189898702::financiadores::21,,,2-s2.0-85189898702::financiadores::21,financiadores,en,United States Agency for International Development
FACULTAD::ingenieria,FACULTAD,INGENIERÍA,,,,,,
PROGRAMA::tandaprime ingenieria,PROGRAMA,TandaPrime Ingenieria,,,,,,
"INVESTIGADOR::barrero solano, lope hugo",INVESTIGADOR,"Barrero Solano, Lope Hugo",,,,,,
"COAUTOR::naghavi, mohsen",COAUTOR,"Naghavi, Mohsen",,,,,,
"COAUTOR::ong, kanyin liane",COAUTOR,"Ong, Kanyin Liane",,,,,,
"COAUTOR::aali, amirali",COAUTOR,"Aali, Amirali",,,,,,
"COAUTOR::ababneh, hazim s.",COAUTOR,"Ababneh, Hazim S.",,,,,,
"COAUTOR::abate, yohannes habtegiorgis",COAUTOR,"Abate, Yohannes Habtegiorgis",,,,,,
"COAUTOR::abbafati, cristiana",COAUTOR,"Abbafati, Cristiana",,,,,,
"COAUTOR::abbasgholizadeh, rouzbeh",COAUTOR,"Abbasgholizadeh, Rouzbeh",,,,,,
"COAUTOR::abbasian, mohammadreza",COAUTOR,"Abbasian, Mohammadreza",,,,,,
"COAUTOR::abbasi-kangevari, mohsen",COAUTOR,"Abbasi-Kangevari, Mohsen",,,,,,
"COAUTOR::abbastabar, hedayat",COAUTOR,"Abbastabar, Hedayat",,,,,,
"COAUTOR::abd elhafeez, samar",COAUTOR,"Abd ElHafeez, Samar",,,,,,
"COAUTOR::abdelmasseh, michael",COAUTOR,"Abdelmasseh, Michael",,,,,,
"COAUTOR::abd-elsalam, sherief",COAUTOR,"Abd-Elsalam, Sherief",,,,,,
"COAUTOR::abdelwahab, ahmed",COAUTOR,"Abdelwahab, Ahmed",,,,,,
"COAUTOR::abdollahi, mohammad",COAUTOR,"Abdollahi, Mohammad",,,,,,
"COAUTOR::abdollahifar, mohammad amin",COAUTOR,"Abdollahifar, Mohammad Amin",,,,,,
"COAUTOR::abdoun, meriem",COAUTOR,"Abdoun, Meriem",,,,,,
"COAUTOR::abdulah, deldar morad",COAUTOR,"Abdulah, Deldar Morad",,,,,,
"COAUTOR::abdullahi, auwal",COAUTOR,"Abdullahi, Auwal",,,,,,
"COAUTOR::abebe, mesfin",COAUTOR,"Abebe, Mesfin",,,,,,
"COAUTOR::abebe, samrawit shawel",COAUTOR,"Abebe, Samrawit Shawel",,,,,,
"COAUTOR::abedi, aidin",COAUTOR,"Abedi, Aidin",,,,,,
"COAUTOR::abegaz, kedir hussein",COAUTOR,"Abegaz, Kedir Hussein",,,,,,
"COAUTOR::abhilash, e. s.",COAUTOR,"Abhilash, E. S.",,,,,,
"COAUTOR::abidi, hassan",COAUTOR,"Abidi, Hassan",,,,,,
"COAUTOR::abiodun, olumide",COAUTOR,"Abiodun, Olumide",,,,,,
"COAUTOR::aboagye, richard gyan",COAUTOR,"Aboagye, Richard Gyan",,,,,,
"COAUTOR::abolhassani, hassan",COAUTOR,"Abolhassani, Hassan",,,,,,
"COAUTOR::abolmaali, meysam",COAUTOR,"Abolmaali, Meysam",,,,,,
"COAUTOR::abouzid, mohamed",COAUTOR,"Abouzid, Mohamed",,,,,,
"COAUTOR::aboye, girma beressa",COAUTOR,"Aboye, Girma Beressa",,,,,,
"COAUTOR::abreu, lucas guimaraes",COAUTOR,"Abreu, Lucas Guimaraes",,,,,,
"COAUTOR::abrha, woldu aberhe",COAUTOR,"Abrha, Woldu Aberhe",,,,,,
"COAUTOR::abtahi, dariush",COAUTOR,"Abtahi, Dariush",,,,,,
"COAUTOR::abu rumeileh, samir",COAUTOR,"Abu Rumeileh, Samir",,,,,,
"COAUTOR::abualruz, hasan",COAUTOR,"Abualruz, Hasan",,,,,,
"COAUTOR::abubakar, bilyaminu",COAUTOR,"Abubakar, Bilyaminu",,,,,,
"COAUTOR::abu-gharbieh, eman",COAUTOR,"Abu-Gharbieh, Eman",,,,,,
"COAUTOR::abu-rmeileh, niveen me",COAUTOR,"Abu-Rmeileh, Niveen Me",,,,,,
"COAUTOR::aburuz, salahdein",COAUTOR,"Aburuz, Salahdein",,,,,,
"COAUTOR::abu-zaid, ahmed",COAUTOR,"Abu-Zaid, Ahmed",,,,,,
"COAUTOR::accrombessi, manfred mario kokou",COAUTOR,"Accrombessi, Manfred Mario Kokou",,,,,,
"COAUTOR::adal, tadele girum",COAUTOR,"Adal, Tadele Girum",,,,,,
"COAUTOR::adamu, abdu a.",COAUTOR,"Adamu, Abdu A.",,,,,,
"COAUTOR::addo, isaac yeboah",COAUTOR,"Addo, Isaac Yeboah",,,,,,
"COAUTOR::addolorato, giovanni",COAUTOR,"Addolorato, Giovanni",,,,,,
"COAUTOR::adebiyi, akindele olupelumi",COAUTOR,"Adebiyi, Akindele Olupelumi",,,,,,
"COAUTOR::adekanmbi, victor",COAUTOR,"Adekanmbi, Victor",,,,,,
"COAUTOR::adepoju, abiola victor",COAUTOR,"Adepoju, Abiola Victor",,,,,,
"COAUTOR::adetunji, charles oluwaseun",COAUTOR,"Adetunji, Charles Oluwaseun",,,,,,
"COAUTOR::adetunji, juliana bunmi",COAUTOR,"Adetunji, Juliana Bunmi",,,,,,
"COAUTOR::adeyeoluwa, temitayo esther",COAUTOR,"Adeyeoluwa, Temitayo Esther",,,,,,
"COAUTOR::adeyinka, daniel adedayo",COAUTOR,"Adeyinka, Daniel Adedayo",,,,,,
"COAUTOR::adeyomoye, olorunsola israel",COAUTOR,"Adeyomoye, Olorunsola Israel",,,,,,
"COAUTOR::admass, biruk adie",COAUTOR,"Admass, Biruk Adie",,,,,,
"COAUTOR::adnani, qorinah estiningtyas sakilah",COAUTOR,"Adnani, Qorinah Estiningtyas Sakilah",,,,,,
"COAUTOR::adra, saryia",COAUTOR,"Adra, Saryia",,,,,,
"COAUTOR::afolabi, aanuoluwapo adeyimika",COAUTOR,"Afolabi, Aanuoluwapo Adeyimika",,,,,,
"COAUTOR::afzal, muhammad sohail",COAUTOR,"Afzal, Muhammad Sohail",,,,,,
"COAUTOR::afzal, saira",COAUTOR,"Afzal, Saira",,,,,,
"COAUTOR::agampodi, suneth buddhika",COAUTOR,"Agampodi, Suneth Buddhika",,,,,,
"COAUTOR::agasthi, pradyumna",COAUTOR,"Agasthi, Pradyumna",,,,,,
"COAUTOR::aggarwal, manik",COAUTOR,"Aggarwal, Manik",,,,,,
"COAUTOR::aghamiri, shahin",COAUTOR,"Aghamiri, Shahin",,,,,,
"COAUTOR::agide, feleke doyore",COAUTOR,"Agide, Feleke Doyore",,,,,,
"COAUTOR::agodi, antonella",COAUTOR,"Agodi, Antonella",,,,,,
"COAUTOR::agrawal, anurag",COAUTOR,"Agrawal, Anurag",,,,,,
"COAUTOR::agyemang-duah, williams",COAUTOR,"Agyemang-Duah, Williams",,,,,,
"COAUTOR::ahinkorah, bright opoku",COAUTOR,"Ahinkorah, Bright Opoku",,,,,,
"COAUTOR::ahmad, aqeel",COAUTOR,"Ahmad, Aqeel",,,,,,
"COAUTOR::ahmad, danish",COAUTOR,"Ahmad, Danish",,,,,,
"COAUTOR::ahmad, firdos",COAUTOR,"Ahmad, Firdos",,,,,,
"COAUTOR::ahmad, muayyad m.",COAUTOR,"Ahmad, Muayyad M.",,,,,,
"COAUTOR::ahmad, sajjad",COAUTOR,"Ahmad, Sajjad",,,,,,
"COAUTOR::ahmad, shahzaib",COAUTOR,"Ahmad, Shahzaib",,,,,,
"COAUTOR::ahmad, tauseef",COAUTOR,"Ahmad, Tauseef",,,,,,
"COAUTOR::ahmadi, keivan",COAUTOR,"Ahmadi, Keivan",,,,,,
"COAUTOR::ahmadzade, amir mahmoud",COAUTOR,"Ahmadzade, Amir Mahmoud",,,,,,
"COAUTOR::ahmed, ali",COAUTOR,"Ahmed, Ali",,,,,,
"COAUTOR::ahmed, ayman",COAUTOR,"Ahmed, Ayman",,,,,,
"COAUTOR::ahmed, haroon",COAUTOR,"Ahmed, Haroon",,,,,,
"COAUTOR::ahmed, luai a.",COAUTOR,"Ahmed, Luai A.",,,,,,
"COAUTOR::ahmed, mehrunnisha sharif",COAUTOR,"Ahmed, Mehrunnisha Sharif",,,,,,
"COAUTOR::ahmed, meqdad saleh",COAUTOR,"Ahmed, Meqdad Saleh",,,,,,
"COAUTOR::ahmed, muktar beshir",COAUTOR,"Ahmed, Muktar Beshir",,,,,,
"COAUTOR::ahmed, syed anees",COAUTOR,"Ahmed, Syed Anees",,,,,,
"COAUTOR::ajami, marjan",COAUTOR,"Ajami, Marjan",,,,,,
"COAUTOR::aji, budi",COAUTOR,"Aji, Budi",,,,,,
"COAUTOR::akara, essona matatom",COAUTOR,"Akara, Essona Matatom",,,,,,
"COAUTOR::akbarialiabad, hossein",COAUTOR,"Akbarialiabad, Hossein",,,,,,
"COAUTOR::akinosoglou, karolina",COAUTOR,"Akinosoglou, Karolina",,,,,,
"COAUTOR::akinyemiju, tomi",COAUTOR,"Akinyemiju, Tomi",,,,,,
"COAUTOR::akkaif, mohammed ahmed",COAUTOR,"Akkaif, Mohammed Ahmed",,,,,,
"COAUTOR::akyirem, samuel",COAUTOR,"Akyirem, Samuel",,,,,,
"COAUTOR::al hamad, hanadi",COAUTOR,"Al Hamad, Hanadi",,,,,,
"COAUTOR::al hasan, syed mahfuz",COAUTOR,"Al Hasan, Syed Mahfuz",,,,,,
"COAUTOR::alahdab, fares",COAUTOR,"Alahdab, Fares",,,,,,
"COAUTOR::alalalmeh, samer o.",COAUTOR,"Alalalmeh, Samer O.",,,,,,
"COAUTOR::alalwan, tariq a.",COAUTOR,"Alalwan, Tariq A.",,,,,,
"COAUTOR::al-aly, ziyad",COAUTOR,"Al-Aly, Ziyad",,,,,,
AFILIACION::school of medicine and psychology,AFILIACION,School of Medicine and Psychology,,,,,,
AFILIACION::university of medical sciences,AFILIACION,University of Medical Sciences,,,,,,
AFILIACION::abasyn university,AFILIACION,Abasyn University,,,,,,
AFILIACION::university general hospital of patras,AFILIACION,University General Hospital of Patras,,,,,,
AFILIACION::public health foundation of india,AFILIACION,Public Health Foundation of India,,,,,,
AFILIACION::jhpiego corporation,AFILIACION,Jhpiego Corporation,,,,,,
AFILIACION::babcock university,AFILIACION,Babcock University,,,,,,
AFILIACION::school of pharmacy,AFILIACION,School of Pharmacy,,,,,,
AFILIACION::advanced diagnostic and interventional radiology research center,AFILIACION,Advanced Diagnostic and Interventional Radiology Research Center,,,,,,
AFILIACION::the institute of pharmaceutical sciences (tips),AFILIACION,The Institute of Pharmaceutical Sciences (TIPS),,,,,,
AFILIACION::research center for immunodeficiencies,AFILIACION,Research Center for Immunodeficiencies,,,,,,
AFILIACION::non-communicable diseases research center,AFILIACION,Non-Communicable Diseases Research Center,,,,,,
"AFILIACION::university of health and allied sciences, ghana",AFILIACION,"University of Health and Allied Sciences, Ghana",,,,,,
AFILIACION::ashoka university,AFILIACION,Ashoka University,,,,,,
AFILIACION::majmaah university,AFILIACION,Majmaah University,,,,,,
AFILIACION::shaqra university,AFILIACION,Shaqra University,,,,,,
AFILIACION::aksum university,AFILIACION,Aksum University,,,,,,
AFILIACION::wachemo university,AFILIACION,Wachemo University,,,,,,
AFILIACION::wolkite university,AFILIACION,Wolkite University,,,,,,
AFILIACION::madda walabu university,AFILIACION,Madda Walabu University,,,,,,
AFILIACION::dilla university,AFILIACION,Dilla University,,,,,,
AFILIACION::osun state university,AFILIACION,Osun State University,,,,,,
AFILIACION::alfaisal university,AFILIACION,Alfaisal University,,,,,,
AFILIACION::ucsi university,AFILIACION,UCSI University,,,,,,
AFILIACION::institute for health metrics and evaluation,AFILIACION,Institute for Health Metrics and Evaluation,,,,,,
AFILIACION::comsats university islamabad,AFILIACION,COMSATS University Islamabad,,,,,,
AFILIACION::nigerian institute of medical research,AFILIACION,Nigerian Institute of Medical Research,,,,,,
AFILIACION::cancer institute nsw,AFILIACION,Cancer Institute NSW,,,,,,
AFILIACION::university of duhok,AFILIACION,University of Duhok,,,,,,
AFILIACION::university of gondar,AFILIACION,University of Gondar,,,,,,
"AFILIACION::sree narayana guru college, chelannur",AFILIACION,"Sree Narayana Guru College, Chelannur",,,,,,
AFILIACION::rajarata university of sri lanka,AFILIACION,Rajarata University of Sri Lanka,,,,,,
AFILIACION::fondazione policlinico universitario agostino gemelli irccs,AFILIACION,Fondazione Policlinico Universitario Agostino Gemelli IRCCS,,,,,,
AFILIACION::rumailah hospital,AFILIACION,Rumailah Hospital,,,,,,
AFILIACION::hamad medical corporation,AFILIACION,Hamad Medical Corporation,,,,,,
AFILIACION::birzeit university,AFILIACION,Birzeit University,,,,,,
AFILIACION::institute of endemic diseases sudan,AFILIACION,Institute of Endemic Diseases Sudan,,,,,,
AFILIACION::haramaya university,AFILIACION,Haramaya University,,,,,,
AFILIACION::jimma university,AFILIACION,Jimma University,,,,,,
AFILIACION::ajman university,AFILIACION,Ajman University,,,,,,
AFILIACION::university of management and technology lahore,AFILIACION,University of Management and Technology Lahore,,,,,,
AFILIACION::universitas jenderal soedirman,AFILIACION,Universitas Jenderal Soedirman,,,,,,
AFILIACION::universitas padjadjaran,AFILIACION,Universitas Padjadjaran,,,,,,
AFILIACION::poznan university of medical sciences,AFILIACION,Poznan University of Medical Sciences,,,,,,
AFILIACION::lebanese american university,AFILIACION,Lebanese American University,,,,,,
AFILIACION::universite ferhat abbas setif 1,AFILIACION,Université Ferhat Abbas Sétif 1,,,,,,
"AFILIACION::international vaccine institute, seoul",AFILIACION,"International Vaccine Institute, Seoul",,,,,,
AFILIACION::al-zaytoonah university of jordan,AFILIACION,Al-Zaytoonah University of Jordan,,,,,,
AFILIACION::the university of jordan,AFILIACION,The University of Jordan,,,,,,
AFILIACION::king edward medical university lahore,AFILIACION,King Edward Medical University Lahore,,,,,,
AFILIACION::yasuj university of medical sciences,AFILIACION,Yasuj University of Medical Sciences,,,,,,
AFILIACION::alexandria university,AFILIACION,Alexandria University,,,,,,
AFILIACION::usmanu danfodiyo university,AFILIACION,Usmanu Danfodiyo University,,,,,,
AFILIACION::sapienza universita di roma,AFILIACION,Sapienza Università di Roma,,,,,,
"AFILIACION::universita cattolica del sacro cuore, campus di roma",AFILIACION,"Università Cattolica del Sacro Cuore, Campus di Roma",,,,,,
AFILIACION::university of south australia,AFILIACION,University of South Australia,,,,,,
AFILIACION::london school of hygiene & tropical medicine,AFILIACION,London School of Hygiene & Tropical Medicine,,,,,,
AFILIACION::university of patras,AFILIACION,University of Patras,,,,,,
"AFILIACION::university of california, san diego",AFILIACION,"University of California, San Diego",,,,,,
AFILIACION::universidade federal de minas gerais,AFILIACION,Universidade Federal de Minas Gerais,,,,,,
AFILIACION::massachusetts general hospital,AFILIACION,Massachusetts General Hospital,,,,,,
AFILIACION::university of southern california,AFILIACION,University of Southern California,,,,,,
AFILIACION::university of washington school of medicine,AFILIACION,University of Washington School of Medicine,,,,,,
AFILIACION::unsw sydney,AFILIACION,UNSW Sydney,,,,,,
"AFILIACION::university of california, los angeles",AFILIACION,"University of California, Los Angeles",,,,,,
"AFILIACION::mayo clinic scottsdale-phoenix, arizona",AFILIACION,"Mayo Clinic Scottsdale-Phoenix, Arizona",,,,,,
AFILIACION::university of technology sydney,AFILIACION,University of Technology Sydney,,,,,,
AFILIACION::u.s. department of veterans affairs,AFILIACION,U.S. Department of Veterans Affairs,,,,,,
AFILIACION::universitat basel,AFILIACION,Universität Basel,,,,,,
AFILIACION::washington university school of medicine in st. louis,AFILIACION,Washington University School of Medicine in St. Louis,,,,,,
AFILIACION::cleveland clinic foundation,AFILIACION,Cleveland Clinic Foundation,,,,,,
AFILIACION::the brody school of medicine,AFILIACION,The Brody School of Medicine,,,,,,
AFILIACION::university of missouri school of medicine,AFILIACION,University of Missouri School of Medicine,,,,,,
"AFILIACION::university college hospital, ibadan",AFILIACION,"University College Hospital, Ibadan",,,,,,
AFILIACION::john sealy school of medicine,AFILIACION,John Sealy School of Medicine,,,,,,
AFILIACION::queen's university,AFILIACION,Queen's University,,,,,,
"AFILIACION::national nutrition and food technology research institute, shahid beheshti university of medical sciences",AFILIACION,"National Nutrition and Food Technology Research Institute, Shahid Beheshti University of Medical Sciences",,,,,,
AFILIACION::university of saskatchewan,AFILIACION,University of Saskatchewan,,,,,,
AFILIACION::keck school of medicine of usc,AFILIACION,Keck School of Medicine of USC,,,,,,
AFILIACION::imperial college london,AFILIACION,Imperial College London,,,,,,
AFILIACION::martin-luther-universitat halle-wittenberg,AFILIACION,Martin-Luther-Universität Halle-Wittenberg,,,,,,
AFILIACION::unsw medicine,AFILIACION,UNSW Medicine,,,,,,
AFILIACION::fudan university,AFILIACION,Fudan University,,,,,,
AFILIACION::the hong kong polytechnic university,AFILIACION,The Hong Kong Polytechnic University,,,,,,
AFILIACION::united arab emirates university,AFILIACION,United Arab Emirates University,,,,,,
AFILIACION::yale school of nursing,AFILIACION,Yale School of Nursing,,,,,,
AFILIACION::yakn dogu universitesi,AFILIACION,Yakın Doğu Üniversitesi,,,,,,
AFILIACION::university of ibadan,AFILIACION,University of Ibadan,,,,,,
AFILIACION::southeast university,AFILIACION,Southeast University,,,,,,
AFILIACION::duke university school of medicine,AFILIACION,Duke University School of Medicine,,,,,,
AFILIACION::joan c. edwards school of medicine,AFILIACION,Joan C. Edwards School of Medicine,,,,,,
AFILIACION::bayero university,AFILIACION,Bayero University,,,,,,
"AFILIACION::universita degli studi di catania, scuola di medicina",AFILIACION,"Università degli Studi di Catania, Scuola di Medicina",,,,,,
AFILIACION::harvard medical school,AFILIACION,Harvard Medical School,,,,,,
AFILIACION::baylor college of medicine,AFILIACION,Baylor College of Medicine,,,,,,
AFILIACION::university of tennessee health science center,AFILIACION,University of Tennessee Health Science Center,,,,,,
AFILIACION::stellenbosch university,AFILIACION,Stellenbosch University,,,,,,
"AFILIACION::mashhad university of medical sciences, school of medicine",AFILIACION,"Mashhad University of Medical Sciences, School of Medicine",,,,,,
AFILIACION::mashhad university of medical sciences,AFILIACION,Mashhad University of Medical Sciences,,,,,,
AFILIACION::faculty of medicine,AFILIACION,Faculty of Medicine,,,,,,
AFILIACION::university of bahrain,AFILIACION,University of Bahrain,,,,,,
AFILIACION::ministry of health,AFILIACION,Ministry of Health,,,,,,
AFILIACION::mcwilliams school of biomedical informatics,AFILIACION,McWilliams School of Biomedical Informatics,,,,,,
AFILIACION::clinical sciences department,AFILIACION,Clinical Sciences Department,,,,,,
AFILIACION::aleta wondo hospital,AFILIACION,Aleta Wondo Hospital,,,,,,
AFILIACION::edo state university uzairue,AFILIACION,Edo State University Uzairue,,,,,,
AFILIACION::clinical research institute of benin (ircb),AFILIACION,Clinical Research Institute of Benin (IRCB),,,,,,
AFILIACION::khatam alanbia hospital,AFILIACION,Khatam Alanbia Hospital,,,,,,
AFILIACION::adolescent friendly research initiative and care,AFILIACION,Adolescent Friendly Research Initiative and Care,,,,,,
AFILIACION::federal ministry of health,AFILIACION,Federal Ministry of Health,,,,,,
AFILIACION::shefa neuroscience research center,AFILIACION,Shefa Neuroscience Research Center,,,,,,
AFILIACION::king edward memorial hospital,AFILIACION,King Edward Memorial Hospital,,,,,,
AFILIACION::riphah institute of pharmaceutical sciences,AFILIACION,Riphah Institute of Pharmaceutical Sciences,,,,,,
AFILIACION::college of medicine,AFILIACION,College of Medicine,,,,,,
AFILIACION::conservation south africa,AFILIACION,Conservation South Africa,,,,,,
AFILIACION::miami cancer institute,AFILIACION,Miami Cancer Institute,,,,,,
AFILIACION::institute of public health,AFILIACION,Institute of Public Health,,,,,,
PAIS::australia,PAIS,Australia,,,,,,
PAIS::nigeria,PAIS,Nigeria,,,,,,
PAIS::pakistan,PAIS,Pakistan,,,,,,
PAIS::greece,PAIS,Greece,,,,,,
PAIS::india,PAIS,India,,,,,,
PAIS::united states,PAIS,United States,,,,,,
PAIS::iran,PAIS,Iran,,,,,,
PAIS::ghana,PAIS,Ghana,,,,,,
PAIS::saudi arabia,PAIS,Saudi Arabia,,,,,,
PAIS::ethiopia,PAIS,Ethiopia,,,,,,
PAIS::malaysia,PAIS,Malaysia,,,,,,
PAIS::iraq,PAIS,Iraq,,,,,,
PAIS::sri lanka,PAIS,Sri Lanka,,,,,,
PAIS::italy,PAIS,Italy,,,,,,
PAIS::qatar,PAIS,Qatar,,,,,,
PAIS::palestine,PAIS,Palestine,,,,,,
PAIS::sudan,PAIS,Sudan,,,,,,
PAIS::united arab emirates,PAIS,United Arab Emirates,,,,,,
PAIS::indonesia,PAIS,Indonesia,,,,,,
PAIS::poland,PAIS,Poland,,,,,,
PAIS::lebanon,PAIS,Lebanon,,,,,,
PAIS::algeria,PAIS,Algeria,,,,,,
PAIS::south korea,PAIS,South Korea,,,,,,
PAIS::jordan,PAIS,Jordan,,,,,,
PAIS::egypt,PAIS,Egypt,,,,,,
PAIS::united kingdom,PAIS,United Kingdom,,,,,,
PAIS::brazil,PAIS,Brazil,,,,,,
PAIS::switzerland,PAIS,Switzerland,,,,,,
PAIS::canada,PAIS,Canada,,,,,,
PAIS::germany,PAIS,Germany,,,,,,
PAIS::china,PAIS,China,,,,,,
PAIS::hong kong,PAIS,Hong Kong,,,,,,
PAIS::cyprus,PAIS,Cyprus,,,,,,
PAIS::south africa,PAIS,South Africa,,,,,,
PAIS::bahrain,PAIS,Bahrain,,,,,,
PAIS::togo,PAIS,Togo,,,,,,
PAIS::benin,PAIS,Benin,,,,,,
FINANCIADOR::united states agency for international development,FINANCIADOR,United States Agency for International Development,,,,,,
ARTICULO::2-s2.0-85156248326,ARTICULO,Factores psicológicos de los estudiantes universitarios y calidad de vida: Una revisión sistemática prepandemia [Psychological factors of university students and quality of life: A systematic review pre-pandemic],,2-s2.0-85156248326,,,,
FRAGMENTO::2-s2.0-85156248326::facultad::1,FRAGMENTO,2-s2.0-85156248326::facultad::1,,,2-s2.0-85156248326::facultad::1,facultad,desconocido,EDUCACIÓN
FRAGMENTO::2-s2.0-85156248326::programa_creacion::2,FRAGMENTO,2-s2.0-85156248326::programa_creacion::2,,,2-s2.0-85156248326::programa_creacion::2,programa_creacion,desconocido,Mega Prime Educacion
FRAGMENTO::2-s2.0-85156248326::tipo_documental::3,FRAGMENTO,2-s2.0-85156248326::tipo_documental::3,,,2-s2.0-85156248326::tipo_documental::3,tipo_documental,desconocido,ARTICLE
FRAGMENTO::2-s2.0-85156248326::investigador_docente::4,FRAGMENTO,2-s2.0-85156248326::investigador_docente::4,,,2-s2.0-85156248326::investigador_docente::4,investigador_docente,es,"De Souza Martins, Marlucio"
FRAGMENTO::2-s2.0-85156248326::anio::5,FRAGMENTO,2-s2.0-85156248326::anio::5,,,2-s2.0-85156248326::anio::5,anio,desconocido,2023
FRAGMENTO::2-s2.0-85156248326::nombre_producto::6,FRAGMENTO,2-s2.0-85156248326::nombre_producto::6,,,2-s2.0-85156248326::nombre_producto::6,nombre_producto,mixto,Factores psicológicos de los estudiantes universitarios y calidad de vida: Una revisión sistemática prepandemia [Psychological factors of university students and quality of life: A systematic review pre-pandemic]
FRAGMENTO::2-s2.0-85156248326::resumen::7,FRAGMENTO,2-s2.0-85156248326::resumen::7,,,2-s2.0-85156248326::resumen::7,resumen,mixto,"El presente trabajo es una revisión sistemática documental para el desarrollo de un marco de referencia sobre los factores psico lógicos de estudiantes universitarios en rela ción con la calidad de vida prepandemia. Se utilizó un método cualitativo descriptivo a través de una revisión sistemática documental a partir de la metodología PRISMA (Khan et al., 2003; Moher et al., 2009). Como fuente de información, se utilizaron trabajos publicados en las bases de datos RedALyC, Scopus, Elsevier, EBSCO, Springer Link, Medline y Psychology and Behavioral Sciences Collection durante el período 2015 al 2020. Para el análisis descriptivo, se seleccionaron 29 documentos que cumplían con los criterios de selección en el marco del proceso de búsqueda, identificación, selección, elección e interpretación."
FRAGMENTO::2-s2.0-85156248326::resumen::8,FRAGMENTO,2-s2.0-85156248326::resumen::8,,,2-s2.0-85156248326::resumen::8,resumen,mixto,"Los resultados muestran la prevalencia de estudios de tipo cuantitativo, así como el interés vigente por el momento del ciclo vital adolescencia-juventud en uno de sus contextos de desarrollo: la universidad, y los factores psicológicos sumados a los aspectos contextuales emergentes como la ansiedad, la ideación suicida y la depresión. Asimismo, se evidencia el efecto de estos aspectos en la percepción de la calidad de vida y del bien estar psicológico y emerge el concepto de estilos de vida como variable que actúa como producto y condición en el desarrollo de los estudiantes en esta etapa del ciclo vital. Final mente, se evidencian categorías como la inteligencia emocional, la resiliencia y el afrontamiento, que se constituyen en insumos para formular propuestas que permitan favorecer el desarrollo de adolescentes-jóvenes en el contexto universitario."
FRAGMENTO::2-s2.0-85156248326::resumen::9,FRAGMENTO,2-s2.0-85156248326::resumen::9,,,2-s2.0-85156248326::resumen::9,resumen,mixto,"Palabras clave: factores psicológicos, estudiantes universitarios, calidad de vida, salud, revisión sistemática. This work presents a systematic documentary review for the development of a frame of reference on the psychological factors of university students in relation to the pre-pan demic quality of life. Psychological factors are understood as psychological well-being and present the development of individual capabilities and human growth from self-acceptance, autonomy, positive relationships, life purpose and personal growth, which reflect attitudes and values of people, which are directly related to their quality of life. Likewise, it is evident in the literature that the stage of university life is framed by biopsychosocial changes that establish it as a period of attention for mature development and is considered as a transition for the later stages of the human life cycle."
FRAGMENTO::2-s2.0-85156248326::resumen::10,FRAGMENTO,2-s2.0-85156248326::resumen::10,,,2-s2.0-85156248326::resumen::10,resumen,en,"In this sense, from an ecological theory perspective, the environment in which people relate has a direct influence on their formative development (Bronfenbrenner, 1987), since the levels of environment in which they are immersed determine positive or negative behavior, affecting their social and cultural conditions (Shelton, 2019). Therefore, changes in behavior are associated with some risk factors that can affect the health and quality of life of university students. The methodological approach used is focused on a descriptive qualitative study, through a systematic documentary review by the PRISMA methodology (Khan et al., 2003 y Moher et al., 2009) with the main characteristics, trends and particularities existing in the literature on psychological factors in young university students."
FRAGMENTO::2-s2.0-85156248326::resumen::11,FRAGMENTO,2-s2.0-85156248326::resumen::11,,,2-s2.0-85156248326::resumen::11,resumen,en,"For the systematic review of this work, we chose to use the five stages called: Search, Identification, Screening, Eligibility, and Interpretation. The Search procedure was initiated from the categories of psychological factors related to the quality of life in university students and from the search equations. As a source of information, papers published in the databases of RedALyC, Scopus, Elsevier, EBSCO, Springer Link, Medline and Psychology and Behavioral Sciences Collection during the period between January 2015 and first half of the year 2020 were used. For the Identification stage, inclusion and exclusion criteria were elaborated considering articles published in scientific journals of psychology and health in the period covered. In the Screening stage, they found a total of 41 950 papers in 82 journals registered in the databases."
FRAGMENTO::2-s2.0-85156248326::resumen::12,FRAGMENTO,2-s2.0-85156248326::resumen::12,,,2-s2.0-85156248326::resumen::12,resumen,en,"The following were eliminated: 28 125 papers outside the selection period, 1 457 duplicate studies, and 11 733 articles from other disciplines. Therefore, in the Eligibility stage, 635 papers were selected for the reading of the title and summary; of these, 263 documents were chosen for the reading of the complete texts and, a total of 29 papers were left in the last stage of Interpretation for the study and analysis of the results. The results show the prevalence of quantitative studies, as well as the current interest for the moment of the life cycle of adolescence-youth in one of its developmental contexts: the university; and the psychological factors added to the contextual aspects involved in the emergence and approach of problems such as anxiety, suicidal ideation and depression."
FRAGMENTO::2-s2.0-85156248326::resumen::13,FRAGMENTO,2-s2.0-85156248326::resumen::13,,,2-s2.0-85156248326::resumen::13,resumen,en,"Likewise, the effect of these aspects on the perception of quality of life and psychological well-being is evident. Similarly, the concept of lifestyles emerges as a variable that acts as a product and condition in the development of students at this stage of the life cycle. Finally, categories such as emotional intelligence, resilience, and coping are shown to be inputs to formulate proposals that can favor the development of adolescents and young people. In conclusion, it is necessary to carry out more studies on psychological factors and the problems associated with them, as a reflection of the quality of life from the perspective of promoting the health of university students."
FRAGMENTO::2-s2.0-85156248326::palabras_clave::14,FRAGMENTO,2-s2.0-85156248326::palabras_clave::14,,,2-s2.0-85156248326::palabras_clave::14,palabras_clave,en,health | psychological factors | quality of life | systematic review | university students
FRAGMENTO::2-s2.0-85156248326::nombre_revista_libro::15,FRAGMENTO,2-s2.0-85156248326::nombre_revista_libro::15,,,2-s2.0-85156248326::nombre_revista_libro::15,nombre_revista_libro,desconocido,Interdisciplinaria
FRAGMENTO::2-s2.0-85156248326::fuente::16,FRAGMENTO,2-s2.0-85156248326::fuente::16,,,2-s2.0-85156248326::fuente::16,fuente,desconocido,Scopus | CvLAC
FRAGMENTO::2-s2.0-85156248326::coautores::17,FRAGMENTO,2-s2.0-85156248326::coautores::17,,,2-s2.0-85156248326::coautores::17,coautores,es,"De Souza-Martins, Marlucio;Figueroa-Ángel, Melba Ximena"
FRAGMENTO::2-s2.0-85156248326::afiliacion_coautores::18,FRAGMENTO,2-s2.0-85156248326::afiliacion_coautores::18,,,2-s2.0-85156248326::afiliacion_coautores::18,afiliacion_coautores,desconocido,Universidad Santo Tomás| Pontificia Universidad Javeriana
FRAGMENTO::2-s2.0-85156248326::pais_coautores::19,FRAGMENTO,2-s2.0-85156248326::pais_coautores::19,,,2-s2.0-85156248326::pais_coautores::19,pais_coautores,desconocido,Colombia
FACULTAD::educacion,FACULTAD,EDUCACIÓN,,,,,,
PROGRAMA::mega prime educacion,PROGRAMA,Mega Prime Educacion,,,,,,
"INVESTIGADOR::de souza martins, marlucio",INVESTIGADOR,"De Souza Martins, Marlucio",,,,,,
PALABRA_CLAVE::health,PALABRA_CLAVE,health,,,,,,
PALABRA_CLAVE::psychological factors,PALABRA_CLAVE,psychological factors,,,,,,
PALABRA_CLAVE::quality of life,PALABRA_CLAVE,quality of life,,,,,,
PALABRA_CLAVE::systematic review,PALABRA_CLAVE,systematic review,,,,,,
PALABRA_CLAVE::university students,PALABRA_CLAVE,university students,,,,,,
"COAUTOR::de souza-martins, marlucio",COAUTOR,"De Souza-Martins, Marlucio",,,,,,
"COAUTOR::figueroa-angel, melba ximena",COAUTOR,"Figueroa-Ángel, Melba Ximena",,,,,,
AFILIACION::universidad santo tomas,AFILIACION,Universidad Santo Tomás,,,,,,
ARTICULO::2-s2.0-85099940331,ARTICULO,The Bibliometric Studies in the Field of Ibero-American Psychology: A Metabibliometric Review,,2-s2.0-85099940331,,,,
FRAGMENTO::2-s2.0-85099940331::facultad::1,FRAGMENTO,2-s2.0-85099940331::facultad::1,,,2-s2.0-85099940331::facultad::1,facultad,desconocido,PSICOLOGÍA
FRAGMENTO::2-s2.0-85099940331::programa_creacion::2,FRAGMENTO,2-s2.0-85099940331::programa_creacion::2,,,2-s2.0-85099940331::programa_creacion::2,programa_creacion,desconocido,Tanda Mega Prime
FRAGMENTO::2-s2.0-85099940331::tipo_documental::3,FRAGMENTO,2-s2.0-85099940331::tipo_documental::3,,,2-s2.0-85099940331::tipo_documental::3,tipo_documental,desconocido,ARTICLE
FRAGMENTO::2-s2.0-85099940331::investigador_docente::4,FRAGMENTO,2-s2.0-85099940331::investigador_docente::4,,,2-s2.0-85099940331::investigador_docente::4,investigador_docente,desconocido,"López López, Wilson"
FRAGMENTO::2-s2.0-85099940331::anio::5,FRAGMENTO,2-s2.0-85099940331::anio::5,,,2-s2.0-85099940331::anio::5,anio,desconocido,2020
FRAGMENTO::2-s2.0-85099940331::nombre_producto::6,FRAGMENTO,2-s2.0-85099940331::nombre_producto::6,,,2-s2.0-85099940331::nombre_producto::6,nombre_producto,en,The Bibliometric Studies in the Field of Ibero-American Psychology: A Metabibliometric Review
FRAGMENTO::2-s2.0-85099940331::resumen::7,FRAGMENTO,2-s2.0-85099940331::resumen::7,,,2-s2.0-85099940331::resumen::7,resumen,en,"Bibliometry consists on the mathematical and statistical treatment of published scientific information. This methodology, or technique (following some authors), includes the quantification of bibliographic information that can be analyzed. Bibliometric and qualitative data reviews can be combined in order to offer high-quality conclusions. For more than three decades, bibliometric studies have proliferated with different uses, orientations, and applications in Ibero-American psychology. All the classic areas of psychology (basic psychological processes, clinical and health psychology, organizational and work psychology, educational psychology), as well as new areas, such as sports psychology, traffic psychology, consumer psychology, and others have been subject of bibliometric works."
FRAGMENTO::2-s2.0-85099940331::resumen::8,FRAGMENTO,2-s2.0-85099940331::resumen::8,,,2-s2.0-85099940331::resumen::8,resumen,en,"Several productions can be recognized where bibliometry is used for historical analysis, review of specialized literature, scientific journals analysis, and the recognition of different areas of research. The goal of this work is to provide a metabibliometric analysis, that is, a bibliometry of bibliometric studies. It is a descriptive study in which different documentary sources are retrieved, classified, and analyzed based on the proper procedure of bibliometric studies. This study examined the scientific and scholarly productions in the field of Ibero-American psychology, using three specific databases: Dialnet (Spain), Redalyc (Mexico), and SciELO (Brazil)."
FRAGMENTO::2-s2.0-85099940331::resumen::9,FRAGMENTO,2-s2.0-85099940331::resumen::9,,,2-s2.0-85099940331::resumen::9,resumen,en,"The choice of such databases was because they provide the indexation of a large number of psychology journals and also allow free access to their contents, which gives some coverage to the psychological production of the Ibero-American region. The search was guided by the following general descriptors: ""Bibliometric"" and ""Psychology"", present in any of the search fields of these databases. These two words are functionally equivalent to detect items in Spanish and Portuguese (because all articles have abstracts in English). Interdisciplinary studies were ruled out, and those clearly outside of psychological science or the profession of psychology."
FRAGMENTO::2-s2.0-85099940331::resumen::10,FRAGMENTO,2-s2.0-85099940331::resumen::10,,,2-s2.0-85099940331::resumen::10,resumen,en,"The final refined sample of 81 articles were classified according to the following indicators: a) lines of research; b) more frequent authors; c) countries of the authors; d) range of years of publications; e) language of the publications; f) gender in the writing of the works; g) the journals that published the most bibliometric studies; and h) the most analyzed journals from the bibliometric perspective. The vast majority of articles are from the present century (70), which highlights the recent explosion of work in the field. For reference only, eight articles were published in the 1990s, 34 articles were published in the 2000s, and 36 articles were published in the current half-decade. The language of the articles is distributed as follows: 71 in Spanish (88 %), 5 in English (6 %), and 5 in Portuguese (6 %)."
FRAGMENTO::2-s2.0-85099940331::resumen::11,FRAGMENTO,2-s2.0-85099940331::resumen::11,,,2-s2.0-85099940331::resumen::11,resumen,en,"The proportion by gender of correspondence authors reflects that 40 % are women (33 articles), and 60 % are men (48 articles), always considering the first signatory in cases of multiple authorship. The countries according to the correspondence author, taking the first author in the cases of multiple authors-hips, are: Spain (45), Colombia (15), Argentina (6), Brazil (5), Mexico (4), Chile (3), Peru (2) and Costa Rica (1). Results confirm that the bibliometric research design is a consistent methodological approach to evaluate the field of psychology as a discipline and a professional practice in Ibero-America. These results do not reflect the entire set of bibliometric research in Ibero-American psychology. However, they can also be considered as a representative map of bibliometric studies in the region."
FRAGMENTO::2-s2.0-85099940331::resumen::12,FRAGMENTO,2-s2.0-85099940331::resumen::12,,,2-s2.0-85099940331::resumen::12,resumen,en,"The most significant criticism that can be indicated for these bibliometric studies is the abusive descriptive perspective that appears in them. It would be desirable for this kind of research to incorporate other analytical perspectives to go beyond the purely descriptive, which could obtain greater interpretative and explanatory potential regarding what was investigated"
FRAGMENTO::2-s2.0-85099940331::palabras_clave::13,FRAGMENTO,2-s2.0-85099940331::palabras_clave::13,,,2-s2.0-85099940331::palabras_clave::13,palabras_clave,en,bibliometric analysis | history of psychology | Ibero-America | metabibliometric analysis | scientometrics
FRAGMENTO::2-s2.0-85099940331::nombre_revista_libro::14,FRAGMENTO,2-s2.0-85099940331::nombre_revista_libro::14,,,2-s2.0-85099940331::nombre_revista_libro::14,nombre_revista_libro,desconocido,Interdisciplinaria
FRAGMENTO::2-s2.0-85099940331::fuente::15,FRAGMENTO,2-s2.0-85099940331::fuente::15,,,2-s2.0-85099940331::fuente::15,fuente,desconocido,Scopus | WoS | CvLAC | Google Scholar
FRAGMENTO::2-s2.0-85099940331::coautores::16,FRAGMENTO,2-s2.0-85099940331::coautores::16,,,2-s2.0-85099940331::coautores::16,coautores,en,"Gallegos M., Pérez-Acosta A.M., Klappenbach H., López W.L., Bregman C."
FRAGMENTO::2-s2.0-85099940331::afiliacion_coautores::17,FRAGMENTO,2-s2.0-85099940331::afiliacion_coautores::17,,,2-s2.0-85099940331::afiliacion_coautores::17,afiliacion_coautores,es,"Universidad Nacional de Rosario, Argentina; Universidad Católica del Maule, Chile; Universidade Católica de Minas Gerais, Brazil; Nacional de Investigaciones Científicas y Técnicas (CONICET), Buenos Aires, Argentina; Escuela de Medicina y Ciencias de la Salud de la Universidad del Rosario, Bogotá, Colombia; Universidad Nacional de San Luis, Nacional de Investigaciones Científicas y Técnicas (CONICET), Argentina; Universidad Javeriana, Bogotá, Colombia; Psicoterapeuta, Fundación Aiglé, Buenos Aires, Argentina"
FRAGMENTO::2-s2.0-85099940331::pais_coautores::18,FRAGMENTO,2-s2.0-85099940331::pais_coautores::18,,,2-s2.0-85099940331::pais_coautores::18,pais_coautores,desconocido,Colombia Chile Argentina Brazil
FACULTAD::psicologia,FACULTAD,PSICOLOGÍA,,,,,,
PROGRAMA::tanda mega prime,PROGRAMA,Tanda Mega Prime,,,,,,
"INVESTIGADOR::lopez lopez, wilson",INVESTIGADOR,"López López, Wilson",,,,,,
PALABRA_CLAVE::bibliometric analysis,PALABRA_CLAVE,bibliometric analysis,,,,,,
PALABRA_CLAVE::history of psychology,PALABRA_CLAVE,history of psychology,,,,,,
PALABRA_CLAVE::ibero-america,PALABRA_CLAVE,Ibero-America,,,,,,
PALABRA_CLAVE::metabibliometric analysis,PALABRA_CLAVE,metabibliometric analysis,,,,,,
PALABRA_CLAVE::scientometrics,PALABRA_CLAVE,scientometrics,,,,,,
"COAUTOR::gallegos m., perez-acosta a.m., klappenbach h., lopez w.l., bregman c.",COAUTOR,"Gallegos M., Pérez-Acosta A.M., Klappenbach H., López W.L., Bregman C.",,,,,,
"AFILIACION::universidad nacional de rosario, argentina",AFILIACION,"Universidad Nacional de Rosario, Argentina",,,,,,
"AFILIACION::universidad catolica del maule, chile",AFILIACION,"Universidad Católica del Maule, Chile",,,,,,
"AFILIACION::universidade catolica de minas gerais, brazil",AFILIACION,"Universidade Católica de Minas Gerais, Brazil",,,,,,
"AFILIACION::nacional de investigaciones cientificas y tecnicas (conicet), buenos aires, argentina",AFILIACION,"Nacional de Investigaciones Científicas y Técnicas (CONICET), Buenos Aires, Argentina",,,,,,
"AFILIACION::escuela de medicina y ciencias de la salud de la universidad del rosario, bogota, colombia",AFILIACION,"Escuela de Medicina y Ciencias de la Salud de la Universidad del Rosario, Bogotá, Colombia",,,,,,
"AFILIACION::universidad nacional de san luis, nacional de investigaciones cientificas y tecnicas (conicet), argentina",AFILIACION,"Universidad Nacional de San Luis, Nacional de Investigaciones Científicas y Técnicas (CONICET), Argentina",,,,,,
"AFILIACION::universidad javeriana, bogota, colombia",AFILIACION,"Universidad Javeriana, Bogotá, Colombia",,,,,,
"AFILIACION::psicoterapeuta, fundacion aigle, buenos aires, argentina",AFILIACION,"Psicoterapeuta, Fundación Aiglé, Buenos Aires, Argentina",,,,,,
PAIS::colombia chile argentina brazil,PAIS,Colombia Chile Argentina Brazil,,,,,,
ARTICULO::ART-DEMO-001,ARTICULO,Participatory evaluation of a community telehealth program for rural caregivers,,ART-DEMO-001,,,,
FRAGMENTO::ART-DEMO-001::tipo_documental::1,FRAGMENTO,ART-DEMO-001::tipo_documental::1,,,ART-DEMO-001::tipo_documental::1,tipo_documental,desconocido,ARTICLE
FRAGMENTO::ART-DEMO-001::investigador_docente::2,FRAGMENTO,ART-DEMO-001::investigador_docente::2,,,ART-DEMO-001::investigador_docente::2,investigador_docente,desconocido,"Autora Demo, Elena"
FRAGMENTO::ART-DEMO-001::anio::3,FRAGMENTO,ART-DEMO-001::anio::3,,,ART-DEMO-001::anio::3,anio,desconocido,2026
FRAGMENTO::ART-DEMO-001::nombre_producto::4,FRAGMENTO,ART-DEMO-001::nombre_producto::4,,,ART-DEMO-001::nombre_producto::4,nombre_producto,en,Participatory evaluation of a community telehealth program for rural caregivers
FRAGMENTO::ART-DEMO-001::resumen::5,FRAGMENTO,ART-DEMO-001::resumen::5,,,ART-DEMO-001::resumen::5,resumen,en,"This article reports a participatory evaluation of a telehealth program with rural caregivers, community leaders and primary care teams. External academic and non-academic actors participated actively in defining the problem, implementing the service and evaluating the results. Workshops identified needs, tested the service and discussed changes in access to support."
FRAGMENTO::ART-DEMO-001::palabras_clave::6,FRAGMENTO,ART-DEMO-001::palabras_clave::6,,,ART-DEMO-001::palabras_clave::6,palabras_clave,desconocido,telehealth; caregivers; active participation; rural health
FRAGMENTO::ART-DEMO-001::nombre_revista_libro::7,FRAGMENTO,ART-DEMO-001::nombre_revista_libro::7,,,ART-DEMO-001::nombre_revista_libro::7,nombre_revista_libro,en,Demo Journal of Community Health
FRAGMENTO::ART-DEMO-001::fuente::8,FRAGMENTO,ART-DEMO-001::fuente::8,,,ART-DEMO-001::fuente::8,fuente,desconocido,DEMO
FRAGMENTO::ART-DEMO-001::coautores::9,FRAGMENTO,ART-DEMO-001::coautores::9,,,ART-DEMO-001::coautores::9,coautores,desconocido,"Autor Demo, Andrés"
FRAGMENTO::ART-DEMO-001::afiliacion_coautores::10,FRAGMENTO,ART-DEMO-001::afiliacion_coautores::10,,,ART-DEMO-001::afiliacion_coautores::10,afiliacion_coautores,desconocido,Universidad Demo
FRAGMENTO::ART-DEMO-001::pais_coautores::11,FRAGMENTO,ART-DEMO-001::pais_coautores::11,,,ART-DEMO-001::pais_coautores::11,pais_coautores,desconocido,Colombia
FRAGMENTO::ART-DEMO-001::objetivos::12,FRAGMENTO,ART-DEMO-001::objetivos::12,,,ART-DEMO-001::objetivos::12,objetivos,es,"Documentar la participación de organizaciones comunitarias y equipos de salud durante la formulación, ejecución y evaluación del servicio."
"INVESTIGADOR::autora demo, elena",INVESTIGADOR,"Autora Demo, Elena",,,,,,
PALABRA_CLAVE::telehealth,PALABRA_CLAVE,telehealth,,,,,,
PALABRA_CLAVE::caregivers,PALABRA_CLAVE,caregivers,,,,,,
PALABRA_CLAVE::active participation,PALABRA_CLAVE,active participation,,,,,,
PALABRA_CLAVE::rural health,PALABRA_CLAVE,rural health,,,,,,
"COAUTOR::autor demo, andres",COAUTOR,"Autor Demo, Andrés",,,,,,
AFILIACION::universidad demo,AFILIACION,Universidad Demo,,,,,,
ARTICULO::ART-DEMO-002,ARTICULO,Open sensors and citizen science for urban air quality communication,,ART-DEMO-002,,,,
FRAGMENTO::ART-DEMO-002::tipo_documental::1,FRAGMENTO,ART-DEMO-002::tipo_documental::1,,,ART-DEMO-002::tipo_documental::1,tipo_documental,desconocido,ARTICLE
FRAGMENTO::ART-DEMO-002::investigador_docente::2,FRAGMENTO,ART-DEMO-002::investigador_docente::2,,,ART-DEMO-002::investigador_docente::2,investigador_docente,desconocido,"Autor Demo, Nicolás"
FRAGMENTO::ART-DEMO-002::anio::3,FRAGMENTO,ART-DEMO-002::anio::3,,,ART-DEMO-002::anio::3,anio,desconocido,2026
FRAGMENTO::ART-DEMO-002::nombre_producto::4,FRAGMENTO,ART-DEMO-002::nombre_producto::4,,,ART-DEMO-002::nombre_producto::4,nombre_producto,en,Open sensors and citizen science for urban air quality communication
FRAGMENTO::ART-DEMO-002::resumen::5,FRAGMENTO,ART-DEMO-002::resumen::5,,,ART-DEMO-002::resumen::5,resumen,en,"The study documents an open sensor network developed with schools and neighborhood organizations to measure urban air quality. Participants interpreted results, created and used accessible communication materials for non-specialized publics, and proposed local mitigation actions."
FRAGMENTO::ART-DEMO-002::palabras_clave::6,FRAGMENTO,ART-DEMO-002::palabras_clave::6,,,ART-DEMO-002::palabras_clave::6,palabras_clave,desconocido,citizen science; open sensors; air quality; public communication
FRAGMENTO::ART-DEMO-002::nombre_revista_libro::7,FRAGMENTO,ART-DEMO-002::nombre_revista_libro::7,,,ART-DEMO-002::nombre_revista_libro::7,nombre_revista_libro,desconocido,Demo Environmental Technology Review
FRAGMENTO::ART-DEMO-002::fuente::8,FRAGMENTO,ART-DEMO-002::fuente::8,,,ART-DEMO-002::fuente::8,fuente,desconocido,DEMO
FRAGMENTO::ART-DEMO-002::coautores::9,FRAGMENTO,ART-DEMO-002::coautores::9,,,ART-DEMO-002::coautores::9,coautores,desconocido,"Autora Demo, Valeria"
FRAGMENTO::ART-DEMO-002::afiliacion_coautores::10,FRAGMENTO,ART-DEMO-002::afiliacion_coautores::10,,,ART-DEMO-002::afiliacion_coautores::10,afiliacion_coautores,desconocido,Universidad Demo
FRAGMENTO::ART-DEMO-002::pais_coautores::11,FRAGMENTO,ART-DEMO-002::pais_coautores::11,,,ART-DEMO-002::pais_coautores::11,pais_coautores,desconocido,Colombia
FRAGMENTO::ART-DEMO-002::objetivos::12,FRAGMENTO,ART-DEMO-002::objetivos::12,,,ART-DEMO-002::objetivos::12,objetivos,es,Diseñar y utilizar productos de comunicación del conocimiento para públicos no especializados.
"INVESTIGADOR::autor demo, nicolas",INVESTIGADOR,"Autor Demo, Nicolás",,,,,,
PALABRA_CLAVE::citizen science,PALABRA_CLAVE,citizen science,,,,,,
PALABRA_CLAVE::open sensors,PALABRA_CLAVE,open sensors,,,,,,
PALABRA_CLAVE::air quality,PALABRA_CLAVE,air quality,,,,,,
PALABRA_CLAVE::public communication,PALABRA_CLAVE,public communication,,,,,,
"COAUTOR::autora demo, valeria",COAUTOR,"Autora Demo, Valeria",,,,,,
ARTICULO::ART-DEMO-003,ARTICULO,Cultural memory workshops and digital storytelling with displaced youth,,ART-DEMO-003,,,,
FRAGMENTO::ART-DEMO-003::tipo_documental::1,FRAGMENTO,ART-DEMO-003::tipo_documental::1,,,ART-DEMO-003::tipo_documental::1,tipo_documental,desconocido,ARTICLE
FRAGMENTO::ART-DEMO-003::investigador_docente::2,FRAGMENTO,ART-DEMO-003::investigador_docente::2,,,ART-DEMO-003::investigador_docente::2,investigador_docente,desconocido,"Autora Demo, Manuela"
FRAGMENTO::ART-DEMO-003::anio::3,FRAGMENTO,ART-DEMO-003::anio::3,,,ART-DEMO-003::anio::3,anio,desconocido,2026
FRAGMENTO::ART-DEMO-003::nombre_producto::4,FRAGMENTO,ART-DEMO-003::nombre_producto::4,,,ART-DEMO-003::nombre_producto::4,nombre_producto,en,Cultural memory workshops and digital storytelling with displaced youth
FRAGMENTO::ART-DEMO-003::resumen::5,FRAGMENTO,ART-DEMO-003::resumen::5,,,ART-DEMO-003::resumen::5,resumen,en,"This article presents digital storytelling workshops conducted with displaced youth and cultural organizations. Young participants curated narratives, preserved and revitalized cultural memory and community identity, produced audiovisual materials and shared them in public exhibitions."
FRAGMENTO::ART-DEMO-003::palabras_clave::6,FRAGMENTO,ART-DEMO-003::palabras_clave::6,,,ART-DEMO-003::palabras_clave::6,palabras_clave,desconocido,cultural memory; community identity; heritage; digital storytelling
FRAGMENTO::ART-DEMO-003::nombre_revista_libro::7,FRAGMENTO,ART-DEMO-003::nombre_revista_libro::7,,,ART-DEMO-003::nombre_revista_libro::7,nombre_revista_libro,en,Demo Culture and Society
FRAGMENTO::ART-DEMO-003::fuente::8,FRAGMENTO,ART-DEMO-003::fuente::8,,,ART-DEMO-003::fuente::8,fuente,desconocido,DEMO
FRAGMENTO::ART-DEMO-003::coautores::9,FRAGMENTO,ART-DEMO-003::coautores::9,,,ART-DEMO-003::coautores::9,coautores,desconocido,"Autor Demo, Felipe"
FRAGMENTO::ART-DEMO-003::afiliacion_coautores::10,FRAGMENTO,ART-DEMO-003::afiliacion_coautores::10,,,ART-DEMO-003::afiliacion_coautores::10,afiliacion_coautores,desconocido,Universidad Demo
FRAGMENTO::ART-DEMO-003::pais_coautores::11,FRAGMENTO,ART-DEMO-003::pais_coautores::11,,,ART-DEMO-003::pais_coautores::11,pais_coautores,desconocido,Colombia
FRAGMENTO::ART-DEMO-003::objetivos::12,FRAGMENTO,ART-DEMO-003::objetivos::12,,,ART-DEMO-003::objetivos::12,objetivos,es,Fortalecer la preservación y revitalización de la memoria e identidad cultural en la comunidad participante.
"INVESTIGADOR::autora demo, manuela",INVESTIGADOR,"Autora Demo, Manuela",,,,,,
PALABRA_CLAVE::cultural memory,PALABRA_CLAVE,cultural memory,,,,,,
PALABRA_CLAVE::community identity,PALABRA_CLAVE,community identity,,,,,,
PALABRA_CLAVE::heritage,PALABRA_CLAVE,heritage,,,,,,
PALABRA_CLAVE::digital storytelling,PALABRA_CLAVE,digital storytelling,,,,,,
"COAUTOR::autor demo, felipe",COAUTOR,"Autor Demo, Felipe",,,,,,
ARTICULO::ART-DEMO-004,ARTICULO,Circular bioeconomy pathways for farmer cooperatives,,ART-DEMO-004,,,,
FRAGMENTO::ART-DEMO-004::tipo_documental::1,FRAGMENTO,ART-DEMO-004::tipo_documental::1,,,ART-DEMO-004::tipo_documental::1,tipo_documental,desconocido,ARTICLE
FRAGMENTO::ART-DEMO-004::investigador_docente::2,FRAGMENTO,ART-DEMO-004::investigador_docente::2,,,ART-DEMO-004::investigador_docente::2,investigador_docente,desconocido,"Autor Demo, Tomás"
FRAGMENTO::ART-DEMO-004::anio::3,FRAGMENTO,ART-DEMO-004::anio::3,,,ART-DEMO-004::anio::3,anio,desconocido,2026
FRAGMENTO::ART-DEMO-004::nombre_producto::4,FRAGMENTO,ART-DEMO-004::nombre_producto::4,,,ART-DEMO-004::nombre_producto::4,nombre_producto,en,Circular bioeconomy pathways for farmer cooperatives
FRAGMENTO::ART-DEMO-004::resumen::5,FRAGMENTO,ART-DEMO-004::resumen::5,,,ART-DEMO-004::resumen::5,resumen,en,"Researchers and farmer cooperatives assessed circular bioeconomy pathways for agricultural residues. The study tested value-added prototypes that generated additional income through implementation and commercialization, analyzed local markets and co-produced a transfer guide for cooperative enterprises."
FRAGMENTO::ART-DEMO-004::palabras_clave::6,FRAGMENTO,ART-DEMO-004::palabras_clave::6,,,ART-DEMO-004::palabras_clave::6,palabras_clave,desconocido,bioeconomy; cooperatives; additional income; value chain
FRAGMENTO::ART-DEMO-004::nombre_revista_libro::7,FRAGMENTO,ART-DEMO-004::nombre_revista_libro::7,,,ART-DEMO-004::nombre_revista_libro::7,nombre_revista_libro,en,Demo Journal of Sustainable Economy
FRAGMENTO::ART-DEMO-004::fuente::8,FRAGMENTO,ART-DEMO-004::fuente::8,,,ART-DEMO-004::fuente::8,fuente,desconocido,DEMO
FRAGMENTO::ART-DEMO-004::coautores::9,FRAGMENTO,ART-DEMO-004::coautores::9,,,ART-DEMO-004::coautores::9,coautores,desconocido,"Autora Demo, Diana"
FRAGMENTO::ART-DEMO-004::afiliacion_coautores::10,FRAGMENTO,ART-DEMO-004::afiliacion_coautores::10,,,ART-DEMO-004::afiliacion_coautores::10,afiliacion_coautores,desconocido,Universidad Demo
FRAGMENTO::ART-DEMO-004::pais_coautores::11,FRAGMENTO,ART-DEMO-004::pais_coautores::11,,,ART-DEMO-004::pais_coautores::11,pais_coautores,desconocido,Colombia
FRAGMENTO::ART-DEMO-004::objetivos::12,FRAGMENTO,ART-DEMO-004::objetivos::12,,,ART-DEMO-004::objetivos::12,objetivos,es,Analizar ingresos adicionales derivados de la implementación y comercialización de procesos productivos mejorados.
"INVESTIGADOR::autor demo, tomas",INVESTIGADOR,"Autor Demo, Tomás",,,,,,
PALABRA_CLAVE::bioeconomy,PALABRA_CLAVE,bioeconomy,,,,,,
PALABRA_CLAVE::cooperatives,PALABRA_CLAVE,cooperatives,,,,,,
PALABRA_CLAVE::additional income,PALABRA_CLAVE,additional income,,,,,,
PALABRA_CLAVE::value chain,PALABRA_CLAVE,value chain,,,,,,
"COAUTOR::autora demo, diana",COAUTOR,"Autora Demo, Diana",,,,,,
ARTICULO::ART-DEMO-005,ARTICULO,Evidence briefs for local climate adaptation policy,,ART-DEMO-005,,,,
FRAGMENTO::ART-DEMO-005::tipo_documental::1,FRAGMENTO,ART-DEMO-005::tipo_documental::1,,,ART-DEMO-005::tipo_documental::1,tipo_documental,desconocido,ARTICLE
FRAGMENTO::ART-DEMO-005::investigador_docente::2,FRAGMENTO,ART-DEMO-005::investigador_docente::2,,,ART-DEMO-005::investigador_docente::2,investigador_docente,desconocido,"Autora Demo, Paula"
FRAGMENTO::ART-DEMO-005::anio::3,FRAGMENTO,ART-DEMO-005::anio::3,,,ART-DEMO-005::anio::3,anio,desconocido,2026
FRAGMENTO::ART-DEMO-005::nombre_producto::4,FRAGMENTO,ART-DEMO-005::nombre_producto::4,,,ART-DEMO-005::nombre_producto::4,nombre_producto,en,Evidence briefs for local climate adaptation policy
FRAGMENTO::ART-DEMO-005::resumen::5,FRAGMENTO,ART-DEMO-005::resumen::5,,,ART-DEMO-005::resumen::5,resumen,en,"The article analyzes the co-production of evidence briefs with local government, environmental groups and residents to support climate adaptation decisions. Findings informed a local policy program, were translated into accessible materials and discussed in public policy roundtables."
FRAGMENTO::ART-DEMO-005::palabras_clave::6,FRAGMENTO,ART-DEMO-005::palabras_clave::6,,,ART-DEMO-005::palabras_clave::6,palabras_clave,desconocido,climate adaptation; policy program; evidence briefs; public policy
FRAGMENTO::ART-DEMO-005::nombre_revista_libro::7,FRAGMENTO,ART-DEMO-005::nombre_revista_libro::7,,,ART-DEMO-005::nombre_revista_libro::7,nombre_revista_libro,desconocido,Demo Public Policy Review
FRAGMENTO::ART-DEMO-005::fuente::8,FRAGMENTO,ART-DEMO-005::fuente::8,,,ART-DEMO-005::fuente::8,fuente,desconocido,DEMO
FRAGMENTO::ART-DEMO-005::coautores::9,FRAGMENTO,ART-DEMO-005::coautores::9,,,ART-DEMO-005::coautores::9,coautores,desconocido,"Autor Demo, Sergio"
FRAGMENTO::ART-DEMO-005::afiliacion_coautores::10,FRAGMENTO,ART-DEMO-005::afiliacion_coautores::10,,,ART-DEMO-005::afiliacion_coautores::10,afiliacion_coautores,desconocido,Universidad Demo
FRAGMENTO::ART-DEMO-005::pais_coautores::11,FRAGMENTO,ART-DEMO-005::pais_coautores::11,,,ART-DEMO-005::pais_coautores::11,pais_coautores,desconocido,Colombia
FRAGMENTO::ART-DEMO-005::objetivos::12,FRAGMENTO,ART-DEMO-005::objetivos::12,,,ART-DEMO-005::objetivos::12,objetivos,mixto,Examinar programas públicos implementados a partir de los hallazgos y recomendaciones del estudio.
"INVESTIGADOR::autora demo, paula",INVESTIGADOR,"Autora Demo, Paula",,,,,,
PALABRA_CLAVE::climate adaptation,PALABRA_CLAVE,climate adaptation,,,,,,
PALABRA_CLAVE::policy program,PALABRA_CLAVE,policy program,,,,,,
PALABRA_CLAVE::evidence briefs,PALABRA_CLAVE,evidence briefs,,,,,,
PALABRA_CLAVE::public policy,PALABRA_CLAVE,public policy,,,,,,
"COAUTOR::autor demo, sergio",COAUTOR,"Autor Demo, Sergio",,,,,,
