id_proyecto,titulo,id_fragmento,campo_origen,id_indicador,indicador,categoria,ambito,score_semantico,evidencia_original
2-s2.0-85088984023,The social balance and the relations between the sustainable development goals and the cooperative principles for colombia under a social network analysis [El Balance Social y las relaciones entre los Objetivos de Desarrollo Sostenible y los Principios Cooperativos mediante un Análisis de Redes Sociales],2-s2.0-85088984023::nombre_producto::6,nombre_producto,ECO-07,El proyecto promueve capacidades productivas mediante la creación de redes colaborativas o estrategias de economía solidaria.,IMPACTO_MAS_ALLA_ACADEMIA,ECONOMIA,0.655471,The social balance and the relations between the sustainable development goals and the cooperative principles for colombia under a social network analysis [El Balance Social y las relaciones entre los Objetivos de Desarrollo Sostenible y los Principios Cooperativos mediante un Análisis de Redes Sociales]
2-s2.0-85088984023,The social balance and the relations between the sustainable development goals and the cooperative principles for colombia under a social network analysis [El Balance Social y las relaciones entre los Objetivos de Desarrollo Sostenible y los Principios Cooperativos mediante un Análisis de Redes Sociales],2-s2.0-85088984023::nombre_producto::6,nombre_producto,SOC-02,"El proyecto contribuye a consolidar redes de colaboración y alianzas entre comunidades, organizaciones e instituciones.",IMPACTO_MAS_ALLA_ACADEMIA,SOCIEDAD,0.624033,The social balance and the relations between the sustainable development goals and the cooperative principles for colombia under a social network analysis [El Balance Social y las relaciones entre los Objetivos de Desarrollo Sostenible y los Principios Cooperativos mediante un Análisis de Redes Sociales]
2-s2.0-85088984023,The social balance and the relations between the sustainable development goals and the cooperative principles for colombia under a social network analysis [El Balance Social y las relaciones entre los Objetivos de Desarrollo Sostenible y los Principios Cooperativos mediante un Análisis de Redes Sociales],2-s2.0-85088984023::nombre_producto::6,nombre_producto,AMB-02,"El proyecto genera mejoras sostenibles en el entorno ambiental, económico y social de los grupos de interés.",IMPACTO_MAS_ALLA_ACADEMIA,MEDIO_AMBIENTE,0.569767,The social balance and the relations between the sustainable development goals and the cooperative principles for colombia under a social network analysis [El Balance Social y las relaciones entre los Objetivos de Desarrollo Sostenible y los Principios Cooperativos mediante un Análisis de Redes Sociales]
2-s2.0-85088984023,The social balance and the relations between the sustainable development goals and the cooperative principles for colombia under a social network analysis [El Balance Social y las relaciones entre los Objetivos de Desarrollo Sostenible y los Principios Cooperativos mediante un Análisis de Redes Sociales],2-s2.0-85088984023::resumen::7,resumen,ECO-05,El proyecto contribuye a mejorar prácticas productivas sostenibles en los sectores o territorios involucrados.,IMPACTO_MAS_ALLA_ACADEMIA,ECONOMIA,0.572048,"Objectives This article lays down two strong elements in the search for a consensus between the indicators that best represent the practices of the Social and Solidarity Economy-based economy (SSE, hereinafter) and their contribution to the Sustainable Development Goals (SDGs, hereinafter), 1) sustainability according to Brundtland, and 2) the idea that something must be achieved ""beyond GDP"" as an integral indicator of progress, always on the economic, social and environmental level The tendency for accountability upon the intrinsic aspects regarding social profitability tends to make the metrics micro. In fact, the tools based on social balance which are drawn out raise this perspective and leave out the importance of the aggregates, even if they were groups of component units of cooperativism or belonging to the SSE (sectors, communities, territories of varying levels)."
2-s2.0-85088984023,The social balance and the relations between the sustainable development goals and the cooperative principles for colombia under a social network analysis [El Balance Social y las relaciones entre los Objetivos de Desarrollo Sostenible y los Principios Cooperativos mediante un Análisis de Redes Sociales],2-s2.0-85088984023::resumen::7,resumen,ECO-04,El proyecto fortalece o consolida eslabones clave de la cadena productiva y/o de suministros estratégicos.,IMPACTO_MAS_ALLA_ACADEMIA,ECONOMIA,0.569308,"Objectives This article lays down two strong elements in the search for a consensus between the indicators that best represent the practices of the Social and Solidarity Economy-based economy (SSE, hereinafter) and their contribution to the Sustainable Development Goals (SDGs, hereinafter), 1) sustainability according to Brundtland, and 2) the idea that something must be achieved ""beyond GDP"" as an integral indicator of progress, always on the economic, social and environmental level The tendency for accountability upon the intrinsic aspects regarding social profitability tends to make the metrics micro. In fact, the tools based on social balance which are drawn out raise this perspective and leave out the importance of the aggregates, even if they were groups of component units of cooperativism or belonging to the SSE (sectors, communities, territories of varying levels)."
2-s2.0-85088984023,The social balance and the relations between the sustainable development goals and the cooperative principles for colombia under a social network analysis [El Balance Social y las relaciones entre los Objetivos de Desarrollo Sostenible y los Principios Cooperativos mediante un Análisis de Redes Sociales],2-s2.0-85088984023::resumen::7,resumen,ECO-07,El proyecto promueve capacidades productivas mediante la creación de redes colaborativas o estrategias de economía solidaria.,IMPACTO_MAS_ALLA_ACADEMIA,ECONOMIA,0.547406,"Objectives This article lays down two strong elements in the search for a consensus between the indicators that best represent the practices of the Social and Solidarity Economy-based economy (SSE, hereinafter) and their contribution to the Sustainable Development Goals (SDGs, hereinafter), 1) sustainability according to Brundtland, and 2) the idea that something must be achieved ""beyond GDP"" as an integral indicator of progress, always on the economic, social and environmental level The tendency for accountability upon the intrinsic aspects regarding social profitability tends to make the metrics micro. In fact, the tools based on social balance which are drawn out raise this perspective and leave out the importance of the aggregates, even if they were groups of component units of cooperativism or belonging to the SSE (sectors, communities, territories of varying levels)."
2-s2.0-85088984023,The social balance and the relations between the sustainable development goals and the cooperative principles for colombia under a social network analysis [El Balance Social y las relaciones entre los Objetivos de Desarrollo Sostenible y los Principios Cooperativos mediante un Análisis de Redes Sociales],2-s2.0-85088984023::resumen::9,resumen,ECO-07,El proyecto promueve capacidades productivas mediante la creación de redes colaborativas o estrategias de economía solidaria.,IMPACTO_MAS_ALLA_ACADEMIA,ECONOMIA,0.587359,"The methodological design If the Social Balance reports the incidence of cooperative action and with it the social progress achieved, how much do the results coming from cooperatives contribute to the SDGs? This work aims at identifying which constructs relying on economic theories that govern monetary, non-monetary and convertible measurement should be taken into account. To pursue it, a measurement of Release of Resources, Social Surpluses and Merit Goods of Cooperativism. Each of these calculations is based on the fact that there is Non-Persistence in Personalist Profit Motive. Furthermore, the Release of Resources, Social Surpluses and Merit Goods stemming from cooperativism make up routines that result, technically speaking, in extended Social Transfers in Kind (STK, hereinafter), but they are on the ""expanded way""."
2-s2.0-85088984023,The social balance and the relations between the sustainable development goals and the cooperative principles for colombia under a social network analysis [El Balance Social y las relaciones entre los Objetivos de Desarrollo Sostenible y los Principios Cooperativos mediante un Análisis de Redes Sociales],2-s2.0-85088984023::resumen::9,resumen,ASC-02,"La solución generada por el proyecto es usada, adaptada, replicada o sostenida por la comunidad, territorio o entidad beneficiaria.",APROPIACION_SOCIAL,,0.568881,"The methodological design If the Social Balance reports the incidence of cooperative action and with it the social progress achieved, how much do the results coming from cooperatives contribute to the SDGs? This work aims at identifying which constructs relying on economic theories that govern monetary, non-monetary and convertible measurement should be taken into account. To pursue it, a measurement of Release of Resources, Social Surpluses and Merit Goods of Cooperativism. Each of these calculations is based on the fact that there is Non-Persistence in Personalist Profit Motive. Furthermore, the Release of Resources, Social Surpluses and Merit Goods stemming from cooperativism make up routines that result, technically speaking, in extended Social Transfers in Kind (STK, hereinafter), but they are on the ""expanded way""."
2-s2.0-85088984023,The social balance and the relations between the sustainable development goals and the cooperative principles for colombia under a social network analysis [El Balance Social y las relaciones entre los Objetivos de Desarrollo Sostenible y los Principios Cooperativos mediante un Análisis de Redes Sociales],2-s2.0-85088984023::resumen::9,resumen,POL-06,El proyecto implica colaboración efectiva con entidades públicas o actores sociales en la formulación o evaluación de políticas.,IMPACTO_MAS_ALLA_ACADEMIA,POLITICA_PUBLICA,0.535446,"The methodological design If the Social Balance reports the incidence of cooperative action and with it the social progress achieved, how much do the results coming from cooperatives contribute to the SDGs? This work aims at identifying which constructs relying on economic theories that govern monetary, non-monetary and convertible measurement should be taken into account. To pursue it, a measurement of Release of Resources, Social Surpluses and Merit Goods of Cooperativism. Each of these calculations is based on the fact that there is Non-Persistence in Personalist Profit Motive. Furthermore, the Release of Resources, Social Surpluses and Merit Goods stemming from cooperativism make up routines that result, technically speaking, in extended Social Transfers in Kind (STK, hereinafter), but they are on the ""expanded way""."
2-s2.0-85088984023,The social balance and the relations between the sustainable development goals and the cooperative principles for colombia under a social network analysis [El Balance Social y las relaciones entre los Objetivos de Desarrollo Sostenible y los Principios Cooperativos mediante un Análisis de Redes Sociales],2-s2.0-85088984023::resumen::10,resumen,ECO-07,El proyecto promueve capacidades productivas mediante la creación de redes colaborativas o estrategias de economía solidaria.,IMPACTO_MAS_ALLA_ACADEMIA,ECONOMIA,0.582221,"These determine the differentiating factors of cooperatives (and of other social-economy-based companies) in contrast to capitalist firms. These issues are closely related to the institutionalist view regarding social and cooperative economy. On the other hand, the graphic expression of a network linking the SDGs to the Cooperative Principles either at a micro level (cooperative) or at a certain level of aggregation (whether sectorial, spatial, by type of cooperative, and/or for each component of the social economies) shapes the graph which may clarify the concepts network as far as centrality and cohesion of the network of relationships is concerned. Thus, if a node has more relationships with the rest and these are even sounder, it will be considered the head in the network."
2-s2.0-85088984023,The social balance and the relations between the sustainable development goals and the cooperative principles for colombia under a social network analysis [El Balance Social y las relaciones entre los Objetivos de Desarrollo Sostenible y los Principios Cooperativos mediante un Análisis de Redes Sociales],2-s2.0-85088984023::resumen::10,resumen,SOC-02,"El proyecto contribuye a consolidar redes de colaboración y alianzas entre comunidades, organizaciones e instituciones.",IMPACTO_MAS_ALLA_ACADEMIA,SOCIEDAD,0.510436,"These determine the differentiating factors of cooperatives (and of other social-economy-based companies) in contrast to capitalist firms. These issues are closely related to the institutionalist view regarding social and cooperative economy. On the other hand, the graphic expression of a network linking the SDGs to the Cooperative Principles either at a micro level (cooperative) or at a certain level of aggregation (whether sectorial, spatial, by type of cooperative, and/or for each component of the social economies) shapes the graph which may clarify the concepts network as far as centrality and cohesion of the network of relationships is concerned. Thus, if a node has more relationships with the rest and these are even sounder, it will be considered the head in the network."
2-s2.0-85088984023,The social balance and the relations between the sustainable development goals and the cooperative principles for colombia under a social network analysis [El Balance Social y las relaciones entre los Objetivos de Desarrollo Sostenible y los Principios Cooperativos mediante un Análisis de Redes Sociales],2-s2.0-85088984023::resumen::10,resumen,POL-09,"Número de redes relacionadas con políticas públicas en las que el proyecto ha participado o contribuido a crear, conformadas por actores de diversos sectores.",IMPACTO_MAS_ALLA_ACADEMIA,POLITICA_PUBLICA,0.456465,"These determine the differentiating factors of cooperatives (and of other social-economy-based companies) in contrast to capitalist firms. These issues are closely related to the institutionalist view regarding social and cooperative economy. On the other hand, the graphic expression of a network linking the SDGs to the Cooperative Principles either at a micro level (cooperative) or at a certain level of aggregation (whether sectorial, spatial, by type of cooperative, and/or for each component of the social economies) shapes the graph which may clarify the concepts network as far as centrality and cohesion of the network of relationships is concerned. Thus, if a node has more relationships with the rest and these are even sounder, it will be considered the head in the network."
2-s2.0-85088984023,The social balance and the relations between the sustainable development goals and the cooperative principles for colombia under a social network analysis [El Balance Social y las relaciones entre los Objetivos de Desarrollo Sostenible y los Principios Cooperativos mediante un Análisis de Redes Sociales],2-s2.0-85088984023::resumen::11,resumen,ECO-07,El proyecto promueve capacidades productivas mediante la creación de redes colaborativas o estrategias de economía solidaria.,IMPACTO_MAS_ALLA_ACADEMIA,ECONOMIA,0.499228,"The node centrality can be located on the graph depicting the network based on algorithms available on UCINET 6 and Netdraw. Thus, the transversality of the cooperative principles and SDGs is inferred. As expressed above and based upon the results of the Delphi method, a group of experts on cooperativism from CIRIEC-Colombia and the Colombian cooperative community evaluate the contribution of cooperativism to the SDGs in a mode 2 data matrix on a Likert scale 1-3, from which it is possible to obtain networks based on the transversality of the cooperative principles by means of common SDGs, or of SDGs under common Cooperative Principles. In this sense, to approximate the correspondence between the 17 SDGs and the 7 Cooperative Principles, the experts will break down the goals of each of the 17 SDGs and apply a scale to the contribution of the cooperative principles towards them.: 1."
2-s2.0-85088984023,The social balance and the relations between the sustainable development goals and the cooperative principles for colombia under a social network analysis [El Balance Social y las relaciones entre los Objetivos de Desarrollo Sostenible y los Principios Cooperativos mediante un Análisis de Redes Sociales],2-s2.0-85088984023::resumen::11,resumen,SOC-02,"El proyecto contribuye a consolidar redes de colaboración y alianzas entre comunidades, organizaciones e instituciones.",IMPACTO_MAS_ALLA_ACADEMIA,SOCIEDAD,0.457319,"The node centrality can be located on the graph depicting the network based on algorithms available on UCINET 6 and Netdraw. Thus, the transversality of the cooperative principles and SDGs is inferred. As expressed above and based upon the results of the Delphi method, a group of experts on cooperativism from CIRIEC-Colombia and the Colombian cooperative community evaluate the contribution of cooperativism to the SDGs in a mode 2 data matrix on a Likert scale 1-3, from which it is possible to obtain networks based on the transversality of the cooperative principles by means of common SDGs, or of SDGs under common Cooperative Principles. In this sense, to approximate the correspondence between the 17 SDGs and the 7 Cooperative Principles, the experts will break down the goals of each of the 17 SDGs and apply a scale to the contribution of the cooperative principles towards them.: 1."
2-s2.0-85088984023,The social balance and the relations between the sustainable development goals and the cooperative principles for colombia under a social network analysis [El Balance Social y las relaciones entre los Objetivos de Desarrollo Sostenible y los Principios Cooperativos mediante un Análisis de Redes Sociales],2-s2.0-85088984023::resumen::11,resumen,POL-09,"Número de redes relacionadas con políticas públicas en las que el proyecto ha participado o contribuido a crear, conformadas por actores de diversos sectores.",IMPACTO_MAS_ALLA_ACADEMIA,POLITICA_PUBLICA,0.434216,"The node centrality can be located on the graph depicting the network based on algorithms available on UCINET 6 and Netdraw. Thus, the transversality of the cooperative principles and SDGs is inferred. As expressed above and based upon the results of the Delphi method, a group of experts on cooperativism from CIRIEC-Colombia and the Colombian cooperative community evaluate the contribution of cooperativism to the SDGs in a mode 2 data matrix on a Likert scale 1-3, from which it is possible to obtain networks based on the transversality of the cooperative principles by means of common SDGs, or of SDGs under common Cooperative Principles. In this sense, to approximate the correspondence between the 17 SDGs and the 7 Cooperative Principles, the experts will break down the goals of each of the 17 SDGs and apply a scale to the contribution of the cooperative principles towards them.: 1."
2-s2.0-85088984023,The social balance and the relations between the sustainable development goals and the cooperative principles for colombia under a social network analysis [El Balance Social y las relaciones entre los Objetivos de Desarrollo Sostenible y los Principios Cooperativos mediante un Análisis de Redes Sociales],2-s2.0-85088984023::resumen::12,resumen,ECO-07,El proyecto promueve capacidades productivas mediante la creación de redes colaborativas o estrategias de economía solidaria.,IMPACTO_MAS_ALLA_ACADEMIA,ECONOMIA,0.495042,"Hard, 2. Marginal, 3. Adequate. Then, an average is obtained from the scale of the goals making up each SDG. At the same time, the relationship between the cooperative principles and the SDGs is cross checked so that the correlations offer a valuable network as regards intensity of the contribution between the nodes (Principles and Goals) involved. For the ""Core-Periphery"" analysis of the network, that is, of the most intense versus least intense interrelationships, the ""hill climbing"" algorithm is applied to UCINET 6, which adjusts itself to the ideal division of the nodes using the number of relationships for binary data in an initial split and an eigenvector for the valued data available for the matters, along with several random divisions. This algorithm iterates to fit the initial splits of the nodes and reports the best alignment."
2-s2.0-85088984023,The social balance and the relations between the sustainable development goals and the cooperative principles for colombia under a social network analysis [El Balance Social y las relaciones entre los Objetivos de Desarrollo Sostenible y los Principios Cooperativos mediante un Análisis de Redes Sociales],2-s2.0-85088984023::resumen::12,resumen,ECO-04,El proyecto fortalece o consolida eslabones clave de la cadena productiva y/o de suministros estratégicos.,IMPACTO_MAS_ALLA_ACADEMIA,ECONOMIA,0.464775,"Hard, 2. Marginal, 3. Adequate. Then, an average is obtained from the scale of the goals making up each SDG. At the same time, the relationship between the cooperative principles and the SDGs is cross checked so that the correlations offer a valuable network as regards intensity of the contribution between the nodes (Principles and Goals) involved. For the ""Core-Periphery"" analysis of the network, that is, of the most intense versus least intense interrelationships, the ""hill climbing"" algorithm is applied to UCINET 6, which adjusts itself to the ideal division of the nodes using the number of relationships for binary data in an initial split and an eigenvector for the valued data available for the matters, along with several random divisions. This algorithm iterates to fit the initial splits of the nodes and reports the best alignment."
2-s2.0-85088984023,The social balance and the relations between the sustainable development goals and the cooperative principles for colombia under a social network analysis [El Balance Social y las relaciones entre los Objetivos de Desarrollo Sostenible y los Principios Cooperativos mediante un Análisis de Redes Sociales],2-s2.0-85088984023::resumen::12,resumen,POL-09,"Número de redes relacionadas con políticas públicas en las que el proyecto ha participado o contribuido a crear, conformadas por actores de diversos sectores.",IMPACTO_MAS_ALLA_ACADEMIA,POLITICA_PUBLICA,0.422912,"Hard, 2. Marginal, 3. Adequate. Then, an average is obtained from the scale of the goals making up each SDG. At the same time, the relationship between the cooperative principles and the SDGs is cross checked so that the correlations offer a valuable network as regards intensity of the contribution between the nodes (Principles and Goals) involved. For the ""Core-Periphery"" analysis of the network, that is, of the most intense versus least intense interrelationships, the ""hill climbing"" algorithm is applied to UCINET 6, which adjusts itself to the ideal division of the nodes using the number of relationships for binary data in an initial split and an eigenvector for the valued data available for the matters, along with several random divisions. This algorithm iterates to fit the initial splits of the nodes and reports the best alignment."
2-s2.0-85088984023,The social balance and the relations between the sustainable development goals and the cooperative principles for colombia under a social network analysis [El Balance Social y las relaciones entre los Objetivos de Desarrollo Sostenible y los Principios Cooperativos mediante un Análisis de Redes Sociales],2-s2.0-85088984023::resumen::13,resumen,ECO-07,El proyecto promueve capacidades productivas mediante la creación de redes colaborativas o estrategias de economía solidaria.,IMPACTO_MAS_ALLA_ACADEMIA,ECONOMIA,0.558911,"Results The Cooperative Principles can be characterized as specific, with a mainly internal repercussion, such as the principles of Open and Voluntary Membership, Democratic Member Control and Autonomy Training, and Information, Concern for Community and Cooperation Among Cooperatives, among others, are protagonists of an additional contribution outside the specific cooperative environment, understood as additional externalities, due to the fact that many SDGs are broken apart into goals to which, almost exclusively, one can contribute through public policies and they are not easily opened to the cooperatives' contributions."
2-s2.0-85088984023,The social balance and the relations between the sustainable development goals and the cooperative principles for colombia under a social network analysis [El Balance Social y las relaciones entre los Objetivos de Desarrollo Sostenible y los Principios Cooperativos mediante un Análisis de Redes Sociales],2-s2.0-85088984023::resumen::13,resumen,SOC-02,"El proyecto contribuye a consolidar redes de colaboración y alianzas entre comunidades, organizaciones e instituciones.",IMPACTO_MAS_ALLA_ACADEMIA,SOCIEDAD,0.530217,"Results The Cooperative Principles can be characterized as specific, with a mainly internal repercussion, such as the principles of Open and Voluntary Membership, Democratic Member Control and Autonomy Training, and Information, Concern for Community and Cooperation Among Cooperatives, among others, are protagonists of an additional contribution outside the specific cooperative environment, understood as additional externalities, due to the fact that many SDGs are broken apart into goals to which, almost exclusively, one can contribute through public policies and they are not easily opened to the cooperatives' contributions."
2-s2.0-85088984023,The social balance and the relations between the sustainable development goals and the cooperative principles for colombia under a social network analysis [El Balance Social y las relaciones entre los Objetivos de Desarrollo Sostenible y los Principios Cooperativos mediante un Análisis de Redes Sociales],2-s2.0-85088984023::resumen::13,resumen,ASC-02,"La solución generada por el proyecto es usada, adaptada, replicada o sostenida por la comunidad, territorio o entidad beneficiaria.",APROPIACION_SOCIAL,,0.496018,"Results The Cooperative Principles can be characterized as specific, with a mainly internal repercussion, such as the principles of Open and Voluntary Membership, Democratic Member Control and Autonomy Training, and Information, Concern for Community and Cooperation Among Cooperatives, among others, are protagonists of an additional contribution outside the specific cooperative environment, understood as additional externalities, due to the fact that many SDGs are broken apart into goals to which, almost exclusively, one can contribute through public policies and they are not easily opened to the cooperatives' contributions."
2-s2.0-85088984023,The social balance and the relations between the sustainable development goals and the cooperative principles for colombia under a social network analysis [El Balance Social y las relaciones entre los Objetivos de Desarrollo Sostenible y los Principios Cooperativos mediante un Análisis de Redes Sociales],2-s2.0-85088984023::resumen::14,resumen,SOC-02,"El proyecto contribuye a consolidar redes de colaboración y alianzas entre comunidades, organizaciones e instituciones.",IMPACTO_MAS_ALLA_ACADEMIA,SOCIEDAD,0.584376,"Another network of SDGs-cooperative principles clusters, at its core, the principles concerned with Members' Economic Participation, Equality, Education, Training, and Information, Cooperation Among Cooperatives and Concern for Community, together with the SDGs Sustainable Cities And Communities and Quality Education. The article highlights that, due to its representation of centrality, ""power"" is itself aligned with the more central nodes and the principle of Concern for Community, for being the node with the highest concentration to the contribution of the SDGs."
2-s2.0-85088984023,The social balance and the relations between the sustainable development goals and the cooperative principles for colombia under a social network analysis [El Balance Social y las relaciones entre los Objetivos de Desarrollo Sostenible y los Principios Cooperativos mediante un Análisis de Redes Sociales],2-s2.0-85088984023::resumen::14,resumen,ECO-07,El proyecto promueve capacidades productivas mediante la creación de redes colaborativas o estrategias de economía solidaria.,IMPACTO_MAS_ALLA_ACADEMIA,ECONOMIA,0.583021,"Another network of SDGs-cooperative principles clusters, at its core, the principles concerned with Members' Economic Participation, Equality, Education, Training, and Information, Cooperation Among Cooperatives and Concern for Community, together with the SDGs Sustainable Cities And Communities and Quality Education. The article highlights that, due to its representation of centrality, ""power"" is itself aligned with the more central nodes and the principle of Concern for Community, for being the node with the highest concentration to the contribution of the SDGs."
2-s2.0-85088984023,The social balance and the relations between the sustainable development goals and the cooperative principles for colombia under a social network analysis [El Balance Social y las relaciones entre los Objetivos de Desarrollo Sostenible y los Principios Cooperativos mediante un Análisis de Redes Sociales],2-s2.0-85088984023::resumen::14,resumen,ASC-02,"La solución generada por el proyecto es usada, adaptada, replicada o sostenida por la comunidad, territorio o entidad beneficiaria.",APROPIACION_SOCIAL,,0.479436,"Another network of SDGs-cooperative principles clusters, at its core, the principles concerned with Members' Economic Participation, Equality, Education, Training, and Information, Cooperation Among Cooperatives and Concern for Community, together with the SDGs Sustainable Cities And Communities and Quality Education. The article highlights that, due to its representation of centrality, ""power"" is itself aligned with the more central nodes and the principle of Concern for Community, for being the node with the highest concentration to the contribution of the SDGs."
2-s2.0-85088984023,The social balance and the relations between the sustainable development goals and the cooperative principles for colombia under a social network analysis [El Balance Social y las relaciones entre los Objetivos de Desarrollo Sostenible y los Principios Cooperativos mediante un Análisis de Redes Sociales],2-s2.0-85088984023::resumen::15,resumen,ECO-07,El proyecto promueve capacidades productivas mediante la creación de redes colaborativas o estrategias de economía solidaria.,IMPACTO_MAS_ALLA_ACADEMIA,ECONOMIA,0.483271,"Secondly, it outlines the principle of Education, Training, and Information, and so on until the most peripheral principles are reached; but nonetheless important, the relationship of Autonomy and to SDGs is likewise significant for cooperative endeavors and stands out for its capacity to contribute to the accomplishment of any SDG and ostensibly reduces with regard to the first ones. The representation of the Cooperative Principles of Concern for Community, and of Equality are also highlighted as transversal axes of the remaining cooperative principles and a good set of SDGs. This is what follows when applying the analysis of main components to the matrix of relationships between the cooperative principles and SDGs. Finally, a clustering is obtained from the cooperative principles (SDGs), which offer a certain taxonomy of possible relationships between the components of both dimensions."
2-s2.0-85088984023,The social balance and the relations between the sustainable development goals and the cooperative principles for colombia under a social network analysis [El Balance Social y las relaciones entre los Objetivos de Desarrollo Sostenible y los Principios Cooperativos mediante un Análisis de Redes Sociales],2-s2.0-85088984023::resumen::15,resumen,SOC-02,"El proyecto contribuye a consolidar redes de colaboración y alianzas entre comunidades, organizaciones e instituciones.",IMPACTO_MAS_ALLA_ACADEMIA,SOCIEDAD,0.463948,"Secondly, it outlines the principle of Education, Training, and Information, and so on until the most peripheral principles are reached; but nonetheless important, the relationship of Autonomy and to SDGs is likewise significant for cooperative endeavors and stands out for its capacity to contribute to the accomplishment of any SDG and ostensibly reduces with regard to the first ones. The representation of the Cooperative Principles of Concern for Community, and of Equality are also highlighted as transversal axes of the remaining cooperative principles and a good set of SDGs. This is what follows when applying the analysis of main components to the matrix of relationships between the cooperative principles and SDGs. Finally, a clustering is obtained from the cooperative principles (SDGs), which offer a certain taxonomy of possible relationships between the components of both dimensions."
2-s2.0-85088984023,The social balance and the relations between the sustainable development goals and the cooperative principles for colombia under a social network analysis [El Balance Social y las relaciones entre los Objetivos de Desarrollo Sostenible y los Principios Cooperativos mediante un Análisis de Redes Sociales],2-s2.0-85088984023::resumen::15,resumen,COL-01,"El proyecto incorpora enfoques interdisciplinarios o transdisciplinarios tanto en el planteamiento del problema como en los métodos, tipos de análisis y perspectivas conceptuales utilizadas.",CONDICIONES_COLABORACION,,0.459039,"Secondly, it outlines the principle of Education, Training, and Information, and so on until the most peripheral principles are reached; but nonetheless important, the relationship of Autonomy and to SDGs is likewise significant for cooperative endeavors and stands out for its capacity to contribute to the accomplishment of any SDG and ostensibly reduces with regard to the first ones. The representation of the Cooperative Principles of Concern for Community, and of Equality are also highlighted as transversal axes of the remaining cooperative principles and a good set of SDGs. This is what follows when applying the analysis of main components to the matrix of relationships between the cooperative principles and SDGs. Finally, a clustering is obtained from the cooperative principles (SDGs), which offer a certain taxonomy of possible relationships between the components of both dimensions."
2-s2.0-85088984023,The social balance and the relations between the sustainable development goals and the cooperative principles for colombia under a social network analysis [El Balance Social y las relaciones entre los Objetivos de Desarrollo Sostenible y los Principios Cooperativos mediante un Análisis de Redes Sociales],2-s2.0-85088984023::resumen::16,resumen,SOC-02,"El proyecto contribuye a consolidar redes de colaboración y alianzas entre comunidades, organizaciones e instituciones.",IMPACTO_MAS_ALLA_ACADEMIA,SOCIEDAD,0.517662,"Belonging to the same cluster means that properties are shared. Thus, 4 groups of nodes are obtained. Their distinguishing features are the following ones: 1-Strong transversality. This grouping constitutes the strongest cross-cutting relationships and interdependencies between cooperative principles and the SDGs. 2-General collateral transversality. This grouping of relationships is configured on the positive externalities of cooperativism towards the more general environment. 3-Specific collateral transversality. This cluster is configured on positive externalities of cooperativism towards its more specific environment. 4-Implicit transversality. This grouping of relationships supposes potential effects of internalization towards cooperativism as an institution."
2-s2.0-85088984023,The social balance and the relations between the sustainable development goals and the cooperative principles for colombia under a social network analysis [El Balance Social y las relaciones entre los Objetivos de Desarrollo Sostenible y los Principios Cooperativos mediante un Análisis de Redes Sociales],2-s2.0-85088984023::resumen::16,resumen,ECO-07,El proyecto promueve capacidades productivas mediante la creación de redes colaborativas o estrategias de economía solidaria.,IMPACTO_MAS_ALLA_ACADEMIA,ECONOMIA,0.473469,"Belonging to the same cluster means that properties are shared. Thus, 4 groups of nodes are obtained. Their distinguishing features are the following ones: 1-Strong transversality. This grouping constitutes the strongest cross-cutting relationships and interdependencies between cooperative principles and the SDGs. 2-General collateral transversality. This grouping of relationships is configured on the positive externalities of cooperativism towards the more general environment. 3-Specific collateral transversality. This cluster is configured on positive externalities of cooperativism towards its more specific environment. 4-Implicit transversality. This grouping of relationships supposes potential effects of internalization towards cooperativism as an institution."
2-s2.0-85088984023,The social balance and the relations between the sustainable development goals and the cooperative principles for colombia under a social network analysis [El Balance Social y las relaciones entre los Objetivos de Desarrollo Sostenible y los Principios Cooperativos mediante un Análisis de Redes Sociales],2-s2.0-85088984023::resumen::17,resumen,ECO-07,El proyecto promueve capacidades productivas mediante la creación de redes colaborativas o estrategias de economía solidaria.,IMPACTO_MAS_ALLA_ACADEMIA,ECONOMIA,0.59869,"Conclusions Once the network analysis is carried out, it is possible to derive a close relationship between the Cooperative Principles and the aims of the SDGs, and as far as the Colombian model is concerned, there is evidence that cooperatives contribute to the fulfillment of the SDGs by virtue of the enhancement of their principles. The questionnaire survey implemented to 16 Colombian cooperatives shows, for instance, that cooperatives generate between 10 and 15 percentage points of STK (expanded) on average to groups that cover diverse stakeholders. The findings emphasize that principles such as Concern for Community, and Education, Training, and Information, to mention some, are more related to the fulfillment of the SDG goals and, therefore, the practices carried out in response to these principles will tend to generate more transversal contributions."
2-s2.0-85088984023,The social balance and the relations between the sustainable development goals and the cooperative principles for colombia under a social network analysis [El Balance Social y las relaciones entre los Objetivos de Desarrollo Sostenible y los Principios Cooperativos mediante un Análisis de Redes Sociales],2-s2.0-85088984023::resumen::17,resumen,SOC-02,"El proyecto contribuye a consolidar redes de colaboración y alianzas entre comunidades, organizaciones e instituciones.",IMPACTO_MAS_ALLA_ACADEMIA,SOCIEDAD,0.569229,"Conclusions Once the network analysis is carried out, it is possible to derive a close relationship between the Cooperative Principles and the aims of the SDGs, and as far as the Colombian model is concerned, there is evidence that cooperatives contribute to the fulfillment of the SDGs by virtue of the enhancement of their principles. The questionnaire survey implemented to 16 Colombian cooperatives shows, for instance, that cooperatives generate between 10 and 15 percentage points of STK (expanded) on average to groups that cover diverse stakeholders. The findings emphasize that principles such as Concern for Community, and Education, Training, and Information, to mention some, are more related to the fulfillment of the SDG goals and, therefore, the practices carried out in response to these principles will tend to generate more transversal contributions."
2-s2.0-85088984023,The social balance and the relations between the sustainable development goals and the cooperative principles for colombia under a social network analysis [El Balance Social y las relaciones entre los Objetivos de Desarrollo Sostenible y los Principios Cooperativos mediante un Análisis de Redes Sociales],2-s2.0-85088984023::resumen::17,resumen,POL-09,"Número de redes relacionadas con políticas públicas en las que el proyecto ha participado o contribuido a crear, conformadas por actores de diversos sectores.",IMPACTO_MAS_ALLA_ACADEMIA,POLITICA_PUBLICA,0.476685,"Conclusions Once the network analysis is carried out, it is possible to derive a close relationship between the Cooperative Principles and the aims of the SDGs, and as far as the Colombian model is concerned, there is evidence that cooperatives contribute to the fulfillment of the SDGs by virtue of the enhancement of their principles. The questionnaire survey implemented to 16 Colombian cooperatives shows, for instance, that cooperatives generate between 10 and 15 percentage points of STK (expanded) on average to groups that cover diverse stakeholders. The findings emphasize that principles such as Concern for Community, and Education, Training, and Information, to mention some, are more related to the fulfillment of the SDG goals and, therefore, the practices carried out in response to these principles will tend to generate more transversal contributions."
2-s2.0-85088984023,The social balance and the relations between the sustainable development goals and the cooperative principles for colombia under a social network analysis [El Balance Social y las relaciones entre los Objetivos de Desarrollo Sostenible y los Principios Cooperativos mediante un Análisis de Redes Sociales],2-s2.0-85088984023::resumen::18,resumen,ECO-07,El proyecto promueve capacidades productivas mediante la creación de redes colaborativas o estrategias de economía solidaria.,IMPACTO_MAS_ALLA_ACADEMIA,ECONOMIA,0.64372,"But this does not undermine the importance of the other cooperative principles as they play a part in the organizational environment of multiple actors making up the cooperatives. In this way, the findings reinforce cooperative identity as a core element to direct contributions of cooperatives to the decisions made under Agenda 2030. Original Value and Limitations The work notes that, at this time and because of partiality, it is feasible to reach consensus on micro, meso and macroeconomic indicators to perform comparative and differentiated analyzes regarding each geography aimed at giving a usefulness to Social Balances as an instrument for the construction of Public Policies."
2-s2.0-85088984023,The social balance and the relations between the sustainable development goals and the cooperative principles for colombia under a social network analysis [El Balance Social y las relaciones entre los Objetivos de Desarrollo Sostenible y los Principios Cooperativos mediante un Análisis de Redes Sociales],2-s2.0-85088984023::resumen::18,resumen,SOC-02,"El proyecto contribuye a consolidar redes de colaboración y alianzas entre comunidades, organizaciones e instituciones.",IMPACTO_MAS_ALLA_ACADEMIA,SOCIEDAD,0.609562,"But this does not undermine the importance of the other cooperative principles as they play a part in the organizational environment of multiple actors making up the cooperatives. In this way, the findings reinforce cooperative identity as a core element to direct contributions of cooperatives to the decisions made under Agenda 2030. Original Value and Limitations The work notes that, at this time and because of partiality, it is feasible to reach consensus on micro, meso and macroeconomic indicators to perform comparative and differentiated analyzes regarding each geography aimed at giving a usefulness to Social Balances as an instrument for the construction of Public Policies."
2-s2.0-85088984023,The social balance and the relations between the sustainable development goals and the cooperative principles for colombia under a social network analysis [El Balance Social y las relaciones entre los Objetivos de Desarrollo Sostenible y los Principios Cooperativos mediante un Análisis de Redes Sociales],2-s2.0-85088984023::resumen::18,resumen,POL-06,El proyecto implica colaboración efectiva con entidades públicas o actores sociales en la formulación o evaluación de políticas.,IMPACTO_MAS_ALLA_ACADEMIA,POLITICA_PUBLICA,0.545114,"But this does not undermine the importance of the other cooperative principles as they play a part in the organizational environment of multiple actors making up the cooperatives. In this way, the findings reinforce cooperative identity as a core element to direct contributions of cooperatives to the decisions made under Agenda 2030. Original Value and Limitations The work notes that, at this time and because of partiality, it is feasible to reach consensus on micro, meso and macroeconomic indicators to perform comparative and differentiated analyzes regarding each geography aimed at giving a usefulness to Social Balances as an instrument for the construction of Public Policies."
2-s2.0-85088984023,The social balance and the relations between the sustainable development goals and the cooperative principles for colombia under a social network analysis [El Balance Social y las relaciones entre los Objetivos de Desarrollo Sostenible y los Principios Cooperativos mediante un Análisis de Redes Sociales],2-s2.0-85088984023::resumen::19,resumen,ECO-07,El proyecto promueve capacidades productivas mediante la creación de redes colaborativas o estrategias de economía solidaria.,IMPACTO_MAS_ALLA_ACADEMIA,ECONOMIA,0.591108,"Therefore, there are still enormous challenges such as working on tools that allow bundlings between individual social balances, promoting criteria to value the release of resources generated by the differentials that cooperative members obtain for their transactions with their cooperative in relation to market prices, quantifying social"
2-s2.0-85088984023,The social balance and the relations between the sustainable development goals and the cooperative principles for colombia under a social network analysis [El Balance Social y las relaciones entre los Objetivos de Desarrollo Sostenible y los Principios Cooperativos mediante un Análisis de Redes Sociales],2-s2.0-85088984023::resumen::19,resumen,ASC-02,"La solución generada por el proyecto es usada, adaptada, replicada o sostenida por la comunidad, territorio o entidad beneficiaria.",APROPIACION_SOCIAL,,0.516006,"Therefore, there are still enormous challenges such as working on tools that allow bundlings between individual social balances, promoting criteria to value the release of resources generated by the differentials that cooperative members obtain for their transactions with their cooperative in relation to market prices, quantifying social"
2-s2.0-85088984023,The social balance and the relations between the sustainable development goals and the cooperative principles for colombia under a social network analysis [El Balance Social y las relaciones entre los Objetivos de Desarrollo Sostenible y los Principios Cooperativos mediante un Análisis de Redes Sociales],2-s2.0-85088984023::resumen::19,resumen,ECO-04,El proyecto fortalece o consolida eslabones clave de la cadena productiva y/o de suministros estratégicos.,IMPACTO_MAS_ALLA_ACADEMIA,ECONOMIA,0.499533,"Therefore, there are still enormous challenges such as working on tools that allow bundlings between individual social balances, promoting criteria to value the release of resources generated by the differentials that cooperative members obtain for their transactions with their cooperative in relation to market prices, quantifying social"
2-s2.0-85088984023,The social balance and the relations between the sustainable development goals and the cooperative principles for colombia under a social network analysis [El Balance Social y las relaciones entre los Objetivos de Desarrollo Sostenible y los Principios Cooperativos mediante un Análisis de Redes Sociales],2-s2.0-85088984023::palabras_clave::20,palabras_clave,ECO-07,El proyecto promueve capacidades productivas mediante la creación de redes colaborativas o estrategias de economía solidaria.,IMPACTO_MAS_ALLA_ACADEMIA,ECONOMIA,0.718291,Cooperative principles | Social balance | Social networks analysis | Social transfers in kind | Sustainable development goals
2-s2.0-85088984023,The social balance and the relations between the sustainable development goals and the cooperative principles for colombia under a social network analysis [El Balance Social y las relaciones entre los Objetivos de Desarrollo Sostenible y los Principios Cooperativos mediante un Análisis de Redes Sociales],2-s2.0-85088984023::palabras_clave::20,palabras_clave,SOC-02,"El proyecto contribuye a consolidar redes de colaboración y alianzas entre comunidades, organizaciones e instituciones.",IMPACTO_MAS_ALLA_ACADEMIA,SOCIEDAD,0.666241,Cooperative principles | Social balance | Social networks analysis | Social transfers in kind | Sustainable development goals
2-s2.0-85088984023,The social balance and the relations between the sustainable development goals and the cooperative principles for colombia under a social network analysis [El Balance Social y las relaciones entre los Objetivos de Desarrollo Sostenible y los Principios Cooperativos mediante un Análisis de Redes Sociales],2-s2.0-85088984023::palabras_clave::20,palabras_clave,ECO-04,El proyecto fortalece o consolida eslabones clave de la cadena productiva y/o de suministros estratégicos.,IMPACTO_MAS_ALLA_ACADEMIA,ECONOMIA,0.607092,Cooperative principles | Social balance | Social networks analysis | Social transfers in kind | Sustainable development goals
2-s2.0-85141889957,Consenso Colombiano de Tratamiento del Espectro de Acretismo Placentario (EAP),2-s2.0-85141889957::resumen::7,resumen,SAL-04,El proyecto desarrolla intervenciones que contribuyeron a disminuir tasas de mortalidad en poblaciones específicas.,IMPACTO_MAS_ALLA_ACADEMIA,SALUD,0.66888,"Introducción: el espectro de acretismo placentario (EAP) es una condición asociada a sangrado masivo posparto y mortalidad materna. Las guías de manejo publicadas en países de altos ingresos recomiendan la participación de grupos interdisciplinarios en hospitales con recursos suficientes para realizar procedimientos complejos. Sin embargo, algunas de las recomendaciones de estas guías resultan difíciles de aplicar en países de bajos y medianos ingresos. OBJETIVOS: este consenso busca formular recomendaciones generales para el tratamiento del EAP en Colombia. Materiales y métodos: en el consenso participaron 23 panelistas, quienes respondieron 31 preguntas sobre el tratamiento de EAP. Los panelistas fueron seleccionados con base en la participación en dos encuestas realizadas para determinar la capacidad resolutiva de hospitales en el país y la región."
2-s2.0-85141889957,Consenso Colombiano de Tratamiento del Espectro de Acretismo Placentario (EAP),2-s2.0-85141889957::resumen::7,resumen,SAL-02,El proyecto contribuye a prevenir riesgos en salud pública.,IMPACTO_MAS_ALLA_ACADEMIA,SALUD,0.650134,"Introducción: el espectro de acretismo placentario (EAP) es una condición asociada a sangrado masivo posparto y mortalidad materna. Las guías de manejo publicadas en países de altos ingresos recomiendan la participación de grupos interdisciplinarios en hospitales con recursos suficientes para realizar procedimientos complejos. Sin embargo, algunas de las recomendaciones de estas guías resultan difíciles de aplicar en países de bajos y medianos ingresos. OBJETIVOS: este consenso busca formular recomendaciones generales para el tratamiento del EAP en Colombia. Materiales y métodos: en el consenso participaron 23 panelistas, quienes respondieron 31 preguntas sobre el tratamiento de EAP. Los panelistas fueron seleccionados con base en la participación en dos encuestas realizadas para determinar la capacidad resolutiva de hospitales en el país y la región."
2-s2.0-85141889957,Consenso Colombiano de Tratamiento del Espectro de Acretismo Placentario (EAP),2-s2.0-85141889957::resumen::7,resumen,SAL-06,El proyecto fortalece estrategias participativas de cuidado implementadas por distintos actores sociales.,IMPACTO_MAS_ALLA_ACADEMIA,SALUD,0.56716,"Introducción: el espectro de acretismo placentario (EAP) es una condición asociada a sangrado masivo posparto y mortalidad materna. Las guías de manejo publicadas en países de altos ingresos recomiendan la participación de grupos interdisciplinarios en hospitales con recursos suficientes para realizar procedimientos complejos. Sin embargo, algunas de las recomendaciones de estas guías resultan difíciles de aplicar en países de bajos y medianos ingresos. OBJETIVOS: este consenso busca formular recomendaciones generales para el tratamiento del EAP en Colombia. Materiales y métodos: en el consenso participaron 23 panelistas, quienes respondieron 31 preguntas sobre el tratamiento de EAP. Los panelistas fueron seleccionados con base en la participación en dos encuestas realizadas para determinar la capacidad resolutiva de hospitales en el país y la región."
2-s2.0-85141889957,Consenso Colombiano de Tratamiento del Espectro de Acretismo Placentario (EAP),2-s2.0-85141889957::resumen::8,resumen,SAL-04,El proyecto desarrolla intervenciones que contribuyeron a disminuir tasas de mortalidad en poblaciones específicas.,IMPACTO_MAS_ALLA_ACADEMIA,SALUD,0.608128,"Se utilizó la metodología Delphi modificada, incorporando dos rondas sucesivas de discusión. Para emitir las recomendaciones el grupo tomó en cuenta la opinión de los participantes, que lograron un consenso mayor al 80 %, así como las barreras y los facilitadores para su implementación. RESULTADOS: el consenso formuló cinco recomendaciones integrando las respuestas de los panelistas. Recomendación 1. Las instituciones de atención primaria deben realizar búsqueda activa de EAP en pacientes con factores de riesgo: placenta previa e historia de miomectomía o cesárea en embarazo previo. En caso de haber signos sugestivos de EAP por ecografía, las pacientes deben ser remitidas de manera inmediata, sin tener una edad gestacional mínima, a hospitales reconocidos como centros de referencia."
2-s2.0-85141889957,Consenso Colombiano de Tratamiento del Espectro de Acretismo Placentario (EAP),2-s2.0-85141889957::resumen::8,resumen,SAL-06,El proyecto fortalece estrategias participativas de cuidado implementadas por distintos actores sociales.,IMPACTO_MAS_ALLA_ACADEMIA,SALUD,0.564328,"Se utilizó la metodología Delphi modificada, incorporando dos rondas sucesivas de discusión. Para emitir las recomendaciones el grupo tomó en cuenta la opinión de los participantes, que lograron un consenso mayor al 80 %, así como las barreras y los facilitadores para su implementación. RESULTADOS: el consenso formuló cinco recomendaciones integrando las respuestas de los panelistas. Recomendación 1. Las instituciones de atención primaria deben realizar búsqueda activa de EAP en pacientes con factores de riesgo: placenta previa e historia de miomectomía o cesárea en embarazo previo. En caso de haber signos sugestivos de EAP por ecografía, las pacientes deben ser remitidas de manera inmediata, sin tener una edad gestacional mínima, a hospitales reconocidos como centros de referencia."
2-s2.0-85141889957,Consenso Colombiano de Tratamiento del Espectro de Acretismo Placentario (EAP),2-s2.0-85141889957::resumen::8,resumen,SAL-02,El proyecto contribuye a prevenir riesgos en salud pública.,IMPACTO_MAS_ALLA_ACADEMIA,SALUD,0.562316,"Se utilizó la metodología Delphi modificada, incorporando dos rondas sucesivas de discusión. Para emitir las recomendaciones el grupo tomó en cuenta la opinión de los participantes, que lograron un consenso mayor al 80 %, así como las barreras y los facilitadores para su implementación. RESULTADOS: el consenso formuló cinco recomendaciones integrando las respuestas de los panelistas. Recomendación 1. Las instituciones de atención primaria deben realizar búsqueda activa de EAP en pacientes con factores de riesgo: placenta previa e historia de miomectomía o cesárea en embarazo previo. En caso de haber signos sugestivos de EAP por ecografía, las pacientes deben ser remitidas de manera inmediata, sin tener una edad gestacional mínima, a hospitales reconocidos como centros de referencia."
2-s2.0-85141889957,Consenso Colombiano de Tratamiento del Espectro de Acretismo Placentario (EAP),2-s2.0-85141889957::resumen::9,resumen,SAL-06,El proyecto fortalece estrategias participativas de cuidado implementadas por distintos actores sociales.,IMPACTO_MAS_ALLA_ACADEMIA,SALUD,0.595392,"Las modalidades virtuales de comunicación y atención en salud pueden facilitar la interacción entre las instituciones de atención primaria y los centros de referencia para EAP. Se debe evaluar el beneficio y riesgo de las modalidades de telemedicina. Recomendación 2. Es necesario que se definan hospitales de referencia para EAP en cada región de Colombia, asegurando el cubrimiento de la totalidad del territorio nacional. Es aconsejable concentrar el flujo de pacientes afectadas por esta condición en unos pocos hospitales, donde haya equipos de cirujanos con entrenamiento específico en EAP, disponibilidad de recursos especializados y un esfuerzo institucional por mejorar la calidad de atención, en busca de tener mejores resultados en la salud de las gestantes con esta condición."
2-s2.0-85141889957,Consenso Colombiano de Tratamiento del Espectro de Acretismo Placentario (EAP),2-s2.0-85141889957::resumen::9,resumen,SAL-02,El proyecto contribuye a prevenir riesgos en salud pública.,IMPACTO_MAS_ALLA_ACADEMIA,SALUD,0.587688,"Las modalidades virtuales de comunicación y atención en salud pueden facilitar la interacción entre las instituciones de atención primaria y los centros de referencia para EAP. Se debe evaluar el beneficio y riesgo de las modalidades de telemedicina. Recomendación 2. Es necesario que se definan hospitales de referencia para EAP en cada región de Colombia, asegurando el cubrimiento de la totalidad del territorio nacional. Es aconsejable concentrar el flujo de pacientes afectadas por esta condición en unos pocos hospitales, donde haya equipos de cirujanos con entrenamiento específico en EAP, disponibilidad de recursos especializados y un esfuerzo institucional por mejorar la calidad de atención, en busca de tener mejores resultados en la salud de las gestantes con esta condición."
2-s2.0-85141889957,Consenso Colombiano de Tratamiento del Espectro de Acretismo Placentario (EAP),2-s2.0-85141889957::resumen::9,resumen,SAL-04,El proyecto desarrolla intervenciones que contribuyeron a disminuir tasas de mortalidad en poblaciones específicas.,IMPACTO_MAS_ALLA_ACADEMIA,SALUD,0.582474,"Las modalidades virtuales de comunicación y atención en salud pueden facilitar la interacción entre las instituciones de atención primaria y los centros de referencia para EAP. Se debe evaluar el beneficio y riesgo de las modalidades de telemedicina. Recomendación 2. Es necesario que se definan hospitales de referencia para EAP en cada región de Colombia, asegurando el cubrimiento de la totalidad del territorio nacional. Es aconsejable concentrar el flujo de pacientes afectadas por esta condición en unos pocos hospitales, donde haya equipos de cirujanos con entrenamiento específico en EAP, disponibilidad de recursos especializados y un esfuerzo institucional por mejorar la calidad de atención, en busca de tener mejores resultados en la salud de las gestantes con esta condición."
2-s2.0-85141889957,Consenso Colombiano de Tratamiento del Espectro de Acretismo Placentario (EAP),2-s2.0-85141889957::resumen::10,resumen,SAL-06,El proyecto fortalece estrategias participativas de cuidado implementadas por distintos actores sociales.,IMPACTO_MAS_ALLA_ACADEMIA,SALUD,0.604735,"Para lograr ese objetivo los participantes recomiendan que los entes reguladores de la prestación de servicios de salud a nivel nacional, regional o local vigilen el proceso de remisión de estas pacientes, facilitando rutas administrativas en caso de que no exista contrato previo entre el asegurador y el hospital o la clínica seleccionada (IPS). Recomendación 3. En los centros de referencia para pacientes con EAP se invita a la creación de equipos que incorporen un grupo fijo de especialistas (obstetras, urólogos, cirujanos generales, radiólogos intervencionistas) encargados de atender todos los casos de EAP. Es recomendable que esos grupos interdisciplinarios utilicen el modelo de ""paquete de intervención"" como guía para la preparación de los centros de referencia para EAP."
2-s2.0-85141889957,Consenso Colombiano de Tratamiento del Espectro de Acretismo Placentario (EAP),2-s2.0-85141889957::resumen::10,resumen,SAL-02,El proyecto contribuye a prevenir riesgos en salud pública.,IMPACTO_MAS_ALLA_ACADEMIA,SALUD,0.524367,"Para lograr ese objetivo los participantes recomiendan que los entes reguladores de la prestación de servicios de salud a nivel nacional, regional o local vigilen el proceso de remisión de estas pacientes, facilitando rutas administrativas en caso de que no exista contrato previo entre el asegurador y el hospital o la clínica seleccionada (IPS). Recomendación 3. En los centros de referencia para pacientes con EAP se invita a la creación de equipos que incorporen un grupo fijo de especialistas (obstetras, urólogos, cirujanos generales, radiólogos intervencionistas) encargados de atender todos los casos de EAP. Es recomendable que esos grupos interdisciplinarios utilicen el modelo de ""paquete de intervención"" como guía para la preparación de los centros de referencia para EAP."
2-s2.0-85141889957,Consenso Colombiano de Tratamiento del Espectro de Acretismo Placentario (EAP),2-s2.0-85141889957::resumen::10,resumen,SAL-04,El proyecto desarrolla intervenciones que contribuyeron a disminuir tasas de mortalidad en poblaciones específicas.,IMPACTO_MAS_ALLA_ACADEMIA,SALUD,0.504525,"Para lograr ese objetivo los participantes recomiendan que los entes reguladores de la prestación de servicios de salud a nivel nacional, regional o local vigilen el proceso de remisión de estas pacientes, facilitando rutas administrativas en caso de que no exista contrato previo entre el asegurador y el hospital o la clínica seleccionada (IPS). Recomendación 3. En los centros de referencia para pacientes con EAP se invita a la creación de equipos que incorporen un grupo fijo de especialistas (obstetras, urólogos, cirujanos generales, radiólogos intervencionistas) encargados de atender todos los casos de EAP. Es recomendable que esos grupos interdisciplinarios utilicen el modelo de ""paquete de intervención"" como guía para la preparación de los centros de referencia para EAP."
2-s2.0-85141889957,Consenso Colombiano de Tratamiento del Espectro de Acretismo Placentario (EAP),2-s2.0-85141889957::resumen::11,resumen,SAL-04,El proyecto desarrolla intervenciones que contribuyeron a disminuir tasas de mortalidad en poblaciones específicas.,IMPACTO_MAS_ALLA_ACADEMIA,SALUD,0.660923,"Este modelo consta de las siguientes actividades: preparación de los servicios, prevención e identificación de la enfermedad, respuesta ante la presentación de la enfermedad, aprendizaje luego de cada evento. La telemedicina facilita el tratamiento de EAP y debe ser tenida en cuenta por los grupos interdisciplinarios que atienden esta enfermedad. Recomendación 4. Los residentes de Obstetricia deben recibir instrucción en maniobras útiles para la prevención y el tratamiento del sangrado intraoperatorio masivo por placenta previa y EAP, tales como: la compresión manual de la aorta, el torniquete uterino, el empaquetamiento pélvico, el bypass retrovesical y la maniobra de Ward. Los conceptos básicos de diagnóstico y tratamiento de EAP deben incluirse en los programas de especialización en Ginecología y Obstetricia en Colombia."
2-s2.0-85141889957,Consenso Colombiano de Tratamiento del Espectro de Acretismo Placentario (EAP),2-s2.0-85141889957::resumen::11,resumen,SAL-02,El proyecto contribuye a prevenir riesgos en salud pública.,IMPACTO_MAS_ALLA_ACADEMIA,SALUD,0.631694,"Este modelo consta de las siguientes actividades: preparación de los servicios, prevención e identificación de la enfermedad, respuesta ante la presentación de la enfermedad, aprendizaje luego de cada evento. La telemedicina facilita el tratamiento de EAP y debe ser tenida en cuenta por los grupos interdisciplinarios que atienden esta enfermedad. Recomendación 4. Los residentes de Obstetricia deben recibir instrucción en maniobras útiles para la prevención y el tratamiento del sangrado intraoperatorio masivo por placenta previa y EAP, tales como: la compresión manual de la aorta, el torniquete uterino, el empaquetamiento pélvico, el bypass retrovesical y la maniobra de Ward. Los conceptos básicos de diagnóstico y tratamiento de EAP deben incluirse en los programas de especialización en Ginecología y Obstetricia en Colombia."
2-s2.0-85141889957,Consenso Colombiano de Tratamiento del Espectro de Acretismo Placentario (EAP),2-s2.0-85141889957::resumen::11,resumen,SAL-06,El proyecto fortalece estrategias participativas de cuidado implementadas por distintos actores sociales.,IMPACTO_MAS_ALLA_ACADEMIA,SALUD,0.58756,"Este modelo consta de las siguientes actividades: preparación de los servicios, prevención e identificación de la enfermedad, respuesta ante la presentación de la enfermedad, aprendizaje luego de cada evento. La telemedicina facilita el tratamiento de EAP y debe ser tenida en cuenta por los grupos interdisciplinarios que atienden esta enfermedad. Recomendación 4. Los residentes de Obstetricia deben recibir instrucción en maniobras útiles para la prevención y el tratamiento del sangrado intraoperatorio masivo por placenta previa y EAP, tales como: la compresión manual de la aorta, el torniquete uterino, el empaquetamiento pélvico, el bypass retrovesical y la maniobra de Ward. Los conceptos básicos de diagnóstico y tratamiento de EAP deben incluirse en los programas de especialización en Ginecología y Obstetricia en Colombia."
2-s2.0-85141889957,Consenso Colombiano de Tratamiento del Espectro de Acretismo Placentario (EAP),2-s2.0-85141889957::resumen::12,resumen,SAL-04,El proyecto desarrolla intervenciones que contribuyeron a disminuir tasas de mortalidad en poblaciones específicas.,IMPACTO_MAS_ALLA_ACADEMIA,SALUD,0.588049,"En los centros de referencia del EAP se deben ofrecer programas de entrenamiento a los profesionales interesados en mejorar sus competencias en EAP de manera presencial y virtual. Además, deben ofrecer soporte asistencial remoto (telemedicina) permanente a los demás hospitales en su región, en relación con pacientes con esa enfermedad. Recomendación 5. La finalización de la gestación en pacientes con sospecha de EAP y placenta previa, por imágenes diagnósticas, sin evidencia de sangrado vaginal activo, debe llevarse a cabo entre las semanas 34 y 36 6/7. El tratamiento quirúrgico debe incluir intervenciones secuenciales que pueden variar según las características de la lesión, la situación clínica de la paciente y los recursos disponibles."
2-s2.0-85141889957,Consenso Colombiano de Tratamiento del Espectro de Acretismo Placentario (EAP),2-s2.0-85141889957::resumen::12,resumen,SAL-06,El proyecto fortalece estrategias participativas de cuidado implementadas por distintos actores sociales.,IMPACTO_MAS_ALLA_ACADEMIA,SALUD,0.565762,"En los centros de referencia del EAP se deben ofrecer programas de entrenamiento a los profesionales interesados en mejorar sus competencias en EAP de manera presencial y virtual. Además, deben ofrecer soporte asistencial remoto (telemedicina) permanente a los demás hospitales en su región, en relación con pacientes con esa enfermedad. Recomendación 5. La finalización de la gestación en pacientes con sospecha de EAP y placenta previa, por imágenes diagnósticas, sin evidencia de sangrado vaginal activo, debe llevarse a cabo entre las semanas 34 y 36 6/7. El tratamiento quirúrgico debe incluir intervenciones secuenciales que pueden variar según las características de la lesión, la situación clínica de la paciente y los recursos disponibles."
2-s2.0-85141889957,Consenso Colombiano de Tratamiento del Espectro de Acretismo Placentario (EAP),2-s2.0-85141889957::resumen::12,resumen,SAL-02,El proyecto contribuye a prevenir riesgos en salud pública.,IMPACTO_MAS_ALLA_ACADEMIA,SALUD,0.549862,"En los centros de referencia del EAP se deben ofrecer programas de entrenamiento a los profesionales interesados en mejorar sus competencias en EAP de manera presencial y virtual. Además, deben ofrecer soporte asistencial remoto (telemedicina) permanente a los demás hospitales en su región, en relación con pacientes con esa enfermedad. Recomendación 5. La finalización de la gestación en pacientes con sospecha de EAP y placenta previa, por imágenes diagnósticas, sin evidencia de sangrado vaginal activo, debe llevarse a cabo entre las semanas 34 y 36 6/7. El tratamiento quirúrgico debe incluir intervenciones secuenciales que pueden variar según las características de la lesión, la situación clínica de la paciente y los recursos disponibles."
2-s2.0-85141889957,Consenso Colombiano de Tratamiento del Espectro de Acretismo Placentario (EAP),2-s2.0-85141889957::resumen::13,resumen,SAL-06,El proyecto fortalece estrategias participativas de cuidado implementadas por distintos actores sociales.,IMPACTO_MAS_ALLA_ACADEMIA,SALUD,0.450986,"Las opciones quirúrgicas (histerectomía total y subtotal, manejo quirúrgico conservador en un paso y manejo expectante) deben incluirse en un protocolo conocido por todo el equipo interdisciplinario. En escenarios sin diagnóstico anteparto, es decir, ante un hallazgo intraoperatorio de EAP (evidencia de abultamiento violáceo o neovascularización de la cara anterior del útero), y con participación de personal no entrenado, se plantean tres situaciones: Primera opción: en ausencia de indicación de nacimiento inmediato o sangrado vaginal, se recomienda diferir la cesárea (cerrar la laparotomía antes de incidir el útero) hasta asegurar la disponibilidad de los recursos recomendados para llevar a cabo una cirugía segura."
2-s2.0-85141889957,Consenso Colombiano de Tratamiento del Espectro de Acretismo Placentario (EAP),2-s2.0-85141889957::resumen::13,resumen,SAL-04,El proyecto desarrolla intervenciones que contribuyeron a disminuir tasas de mortalidad en poblaciones específicas.,IMPACTO_MAS_ALLA_ACADEMIA,SALUD,0.450326,"Las opciones quirúrgicas (histerectomía total y subtotal, manejo quirúrgico conservador en un paso y manejo expectante) deben incluirse en un protocolo conocido por todo el equipo interdisciplinario. En escenarios sin diagnóstico anteparto, es decir, ante un hallazgo intraoperatorio de EAP (evidencia de abultamiento violáceo o neovascularización de la cara anterior del útero), y con participación de personal no entrenado, se plantean tres situaciones: Primera opción: en ausencia de indicación de nacimiento inmediato o sangrado vaginal, se recomienda diferir la cesárea (cerrar la laparotomía antes de incidir el útero) hasta asegurar la disponibilidad de los recursos recomendados para llevar a cabo una cirugía segura."
2-s2.0-85141889957,Consenso Colombiano de Tratamiento del Espectro de Acretismo Placentario (EAP),2-s2.0-85141889957::resumen::15,resumen,SAL-04,El proyecto desarrolla intervenciones que contribuyeron a disminuir tasas de mortalidad en poblaciones específicas.,IMPACTO_MAS_ALLA_ACADEMIA,SALUD,0.487135,"Si el sangrado significativo persiste, es necesario continuar con la histerectomía haciendo uso de los recursos disponibles: compresión manual de la aorta, llamado inmediato a los cirujanos con mejor entrenamiento disponible, soporte de grupos expertos de otros hospitales a través de telemedicina. Si una paciente con factores de riesgo para EAP (por ejemplo, miomectomía o cesárea previa) presenta retención de placenta posterior al parto vaginal, es recomendable confirmar la posibilidad de dicho diagnóstico (por ejemplo, realizando una ecografía) antes de intentar la extracción manual de la placenta. CONCLUSIONES: esperamos que este primer consenso colombiano de EAP sirva como base para discusiones adicionales y trabajos colaborativos que mejoren los resultados clínicos de las mujeres afectadas por esta enfermedad."
2-s2.0-85141889957,Consenso Colombiano de Tratamiento del Espectro de Acretismo Placentario (EAP),2-s2.0-85141889957::resumen::15,resumen,SAL-02,El proyecto contribuye a prevenir riesgos en salud pública.,IMPACTO_MAS_ALLA_ACADEMIA,SALUD,0.442331,"Si el sangrado significativo persiste, es necesario continuar con la histerectomía haciendo uso de los recursos disponibles: compresión manual de la aorta, llamado inmediato a los cirujanos con mejor entrenamiento disponible, soporte de grupos expertos de otros hospitales a través de telemedicina. Si una paciente con factores de riesgo para EAP (por ejemplo, miomectomía o cesárea previa) presenta retención de placenta posterior al parto vaginal, es recomendable confirmar la posibilidad de dicho diagnóstico (por ejemplo, realizando una ecografía) antes de intentar la extracción manual de la placenta. CONCLUSIONES: esperamos que este primer consenso colombiano de EAP sirva como base para discusiones adicionales y trabajos colaborativos que mejoren los resultados clínicos de las mujeres afectadas por esta enfermedad."
2-s2.0-85141889957,Consenso Colombiano de Tratamiento del Espectro de Acretismo Placentario (EAP),2-s2.0-85141889957::resumen::16,resumen,COL-01,"El proyecto incorpora enfoques interdisciplinarios o transdisciplinarios tanto en el planteamiento del problema como en los métodos, tipos de análisis y perspectivas conceptuales utilizadas.",CONDICIONES_COLABORACION,,0.594072,Evaluar la aplicabilidad y efectividad de las recomendaciones emitidas requerirá investigaciones adicionales.
2-s2.0-85141889957,Consenso Colombiano de Tratamiento del Espectro de Acretismo Placentario (EAP),2-s2.0-85141889957::resumen::16,resumen,COL-02,El proyecto cuenta con la participación activa y significativa de actores externos (académicos y/o no académicos) en distintas etapas del proceso investigativo.,CONDICIONES_COLABORACION,,0.509883,Evaluar la aplicabilidad y efectividad de las recomendaciones emitidas requerirá investigaciones adicionales.
2-s2.0-85141889957,Consenso Colombiano de Tratamiento del Espectro de Acretismo Placentario (EAP),2-s2.0-85141889957::resumen::16,resumen,POL-01,"El proyecto facilita la participación activa de los grupos de interés en procesos de formulación, monitoreo o evaluación de políticas públicas o iniciativas de ciencia ciudadana.",IMPACTO_MAS_ALLA_ACADEMIA,POLITICA_PUBLICA,0.502527,Evaluar la aplicabilidad y efectividad de las recomendaciones emitidas requerirá investigaciones adicionales.
2-s2.0-85141889957,Consenso Colombiano de Tratamiento del Espectro de Acretismo Placentario (EAP),2-s2.0-85141889957::palabras_clave::17,palabras_clave,DIV-05,Número de espacios públicos promovidos por el proyecto para debatir la problemática investigativa y social más allá del ámbito académico.,DIVULGACION,,0.500139,placenta acreta | conferencia de consenso | países en desarrollo | recursos en salud | consensus conference | developing countries | healthcare resources
2-s2.0-85141889957,Consenso Colombiano de Tratamiento del Espectro de Acretismo Placentario (EAP),2-s2.0-85141889957::palabras_clave::17,palabras_clave,SOC-04,Número de beneficiarios directos e indirectos.,IMPACTO_MAS_ALLA_ACADEMIA,SOCIEDAD,0.492473,placenta acreta | conferencia de consenso | países en desarrollo | recursos en salud | consensus conference | developing countries | healthcare resources
2-s2.0-85141889957,Consenso Colombiano de Tratamiento del Espectro de Acretismo Placentario (EAP),2-s2.0-85141889957::palabras_clave::17,palabras_clave,POL-03,Número de políticas públicas o programas gubernamentales modificados o implementados con base en hallazgos del proyecto.,IMPACTO_MAS_ALLA_ACADEMIA,POLITICA_PUBLICA,0.473521,placenta acreta | conferencia de consenso | países en desarrollo | recursos en salud | consensus conference | developing countries | healthcare resources
2-s2.0-85189898702,"Global burden of 288 causes of death and life expectancy decomposition in 204 countries and territories and 811 subnational locations, 1990–2021: a systematic analysis for the Global Burden of Disease Study 2021",2-s2.0-85189898702::nombre_producto::6,nombre_producto,SAL-04,El proyecto desarrolla intervenciones que contribuyeron a disminuir tasas de mortalidad en poblaciones específicas.,IMPACTO_MAS_ALLA_ACADEMIA,SALUD,0.595132,"Global burden of 288 causes of death and life expectancy decomposition in 204 countries and territories and 811 subnational locations, 1990–2021: a systematic analysis for the Global Burden of Disease Study 2021"
2-s2.0-85189898702,"Global burden of 288 causes of death and life expectancy decomposition in 204 countries and territories and 811 subnational locations, 1990–2021: a systematic analysis for the Global Burden of Disease Study 2021",2-s2.0-85189898702::nombre_producto::6,nombre_producto,SAL-02,El proyecto contribuye a prevenir riesgos en salud pública.,IMPACTO_MAS_ALLA_ACADEMIA,SALUD,0.428185,"Global burden of 288 causes of death and life expectancy decomposition in 204 countries and territories and 811 subnational locations, 1990–2021: a systematic analysis for the Global Burden of Disease Study 2021"
2-s2.0-85189898702,"Global burden of 288 causes of death and life expectancy decomposition in 204 countries and territories and 811 subnational locations, 1990–2021: a systematic analysis for the Global Burden of Disease Study 2021",2-s2.0-85189898702::nombre_producto::6,nombre_producto,SOC-01,Mejora en la calidad de vida o bienestar atribuida al proyecto.,IMPACTO_MAS_ALLA_ACADEMIA,SOCIEDAD,0.424181,"Global burden of 288 causes of death and life expectancy decomposition in 204 countries and territories and 811 subnational locations, 1990–2021: a systematic analysis for the Global Burden of Disease Study 2021"
2-s2.0-85189898702,"Global burden of 288 causes of death and life expectancy decomposition in 204 countries and territories and 811 subnational locations, 1990–2021: a systematic analysis for the Global Burden of Disease Study 2021",2-s2.0-85189898702::resumen::7,resumen,SAL-04,El proyecto desarrolla intervenciones que contribuyeron a disminuir tasas de mortalidad en poblaciones específicas.,IMPACTO_MAS_ALLA_ACADEMIA,SALUD,0.62004,"Background: Regular, detailed reporting on population health by underlying cause of death is fundamental for public health decision making. Cause-specific estimates of mortality and the subsequent effects on life expectancy worldwide are valuable metrics to gauge progress in reducing mortality rates. These estimates are particularly important following large-scale mortality spikes, such as the COVID-19 pandemic. When systematically analysed, mortality rates and life expectancy allow comparisons of the consequences of causes of death globally and over time, providing a nuanced understanding of the effect of these causes on global populations."
2-s2.0-85189898702,"Global burden of 288 causes of death and life expectancy decomposition in 204 countries and territories and 811 subnational locations, 1990–2021: a systematic analysis for the Global Burden of Disease Study 2021",2-s2.0-85189898702::resumen::7,resumen,SAL-02,El proyecto contribuye a prevenir riesgos en salud pública.,IMPACTO_MAS_ALLA_ACADEMIA,SALUD,0.475283,"Background: Regular, detailed reporting on population health by underlying cause of death is fundamental for public health decision making. Cause-specific estimates of mortality and the subsequent effects on life expectancy worldwide are valuable metrics to gauge progress in reducing mortality rates. These estimates are particularly important following large-scale mortality spikes, such as the COVID-19 pandemic. When systematically analysed, mortality rates and life expectancy allow comparisons of the consequences of causes of death globally and over time, providing a nuanced understanding of the effect of these causes on global populations."
2-s2.0-85189898702,"Global burden of 288 causes of death and life expectancy decomposition in 204 countries and territories and 811 subnational locations, 1990–2021: a systematic analysis for the Global Burden of Disease Study 2021",2-s2.0-85189898702::resumen::7,resumen,SOC-01,Mejora en la calidad de vida o bienestar atribuida al proyecto.,IMPACTO_MAS_ALLA_ACADEMIA,SOCIEDAD,0.429709,"Background: Regular, detailed reporting on population health by underlying cause of death is fundamental for public health decision making. Cause-specific estimates of mortality and the subsequent effects on life expectancy worldwide are valuable metrics to gauge progress in reducing mortality rates. These estimates are particularly important following large-scale mortality spikes, such as the COVID-19 pandemic. When systematically analysed, mortality rates and life expectancy allow comparisons of the consequences of causes of death globally and over time, providing a nuanced understanding of the effect of these causes on global populations."
2-s2.0-85189898702,"Global burden of 288 causes of death and life expectancy decomposition in 204 countries and territories and 811 subnational locations, 1990–2021: a systematic analysis for the Global Burden of Disease Study 2021",2-s2.0-85189898702::resumen::8,resumen,SAL-04,El proyecto desarrolla intervenciones que contribuyeron a disminuir tasas de mortalidad en poblaciones específicas.,IMPACTO_MAS_ALLA_ACADEMIA,SALUD,0.475205,"Methods: The Global Burden of Diseases, Injuries, and Risk Factors Study (GBD) 2021 cause-of-death analysis estimated mortality and years of life lost (YLLs) from 288 causes of death by age-sex-location-year in 204 countries and territories and 811 subnational locations for each year from 1990 until 2021. The analysis used 56 604 data sources, including data from vital registration and verbal autopsy as well as surveys, censuses, surveillance systems, and cancer registries, among others."
2-s2.0-85189898702,"Global burden of 288 causes of death and life expectancy decomposition in 204 countries and territories and 811 subnational locations, 1990–2021: a systematic analysis for the Global Burden of Disease Study 2021",2-s2.0-85189898702::resumen::9,resumen,SAL-04,El proyecto desarrolla intervenciones que contribuyeron a disminuir tasas de mortalidad en poblaciones específicas.,IMPACTO_MAS_ALLA_ACADEMIA,SALUD,0.492412,"As with previous GBD rounds, cause-specific death rates for most causes were estimated using the Cause of Death Ensemble model—a modelling tool developed for GBD to assess the out-of-sample predictive validity of different statistical models and covariate permutations and combine those results to produce cause-specific mortality estimates—with alternative strategies adapted to model causes with insufficient data, substantial changes in reporting over the study period, or unusual epidemiology. YLLs were computed as the product of the number of deaths for each cause-age-sex-location-year and the standard life expectancy at each age. As part of the modelling process, uncertainty intervals (UIs) were generated using the 2·5th and 97·5th percentiles from a 1000-draw distribution for each metric."
2-s2.0-85189898702,"Global burden of 288 causes of death and life expectancy decomposition in 204 countries and territories and 811 subnational locations, 1990–2021: a systematic analysis for the Global Burden of Disease Study 2021",2-s2.0-85189898702::resumen::10,resumen,SAL-04,El proyecto desarrolla intervenciones que contribuyeron a disminuir tasas de mortalidad en poblaciones específicas.,IMPACTO_MAS_ALLA_ACADEMIA,SALUD,0.522949,"We decomposed life expectancy by cause of death, location, and year to show cause-specific effects on life expectancy from 1990 to 2021. We also used the coefficient of variation and the fraction of population affected by 90% of deaths to highlight concentrations of mortality. Findings are reported in counts and age-standardised rates. Methodological improvements for cause-of-death estimates in GBD 2021 include the expansion of under-5-years age group to include four new age groups, enhanced methods to account for stochastic variation of sparse data, and the inclusion of COVID-19 and other pandemic-related mortality—which includes excess mortality associated with the pandemic, excluding COVID-19, lower respiratory infections, measles, malaria, and pertussis."
2-s2.0-85189898702,"Global burden of 288 causes of death and life expectancy decomposition in 204 countries and territories and 811 subnational locations, 1990–2021: a systematic analysis for the Global Burden of Disease Study 2021",2-s2.0-85189898702::resumen::11,resumen,SAL-04,El proyecto desarrolla intervenciones que contribuyeron a disminuir tasas de mortalidad en poblaciones específicas.,IMPACTO_MAS_ALLA_ACADEMIA,SALUD,0.433058,"For this analysis, 199 new country-years of vital registration cause-of-death data, 5 country-years of surveillance data, 21 country-years of verbal autopsy data, and 94 country-years of other data types were added to those used in previous GBD rounds. Findings: The leading causes of age-standardised deaths globally were the same in 2019 as they were in 1990; in descending order, these were, ischaemic heart disease, stroke, chronic obstructive pulmonary disease, and lower respiratory infections. In 2021, however, COVID-19 replaced stroke as the second-leading age-standardised cause of death, with 94·0 deaths (95% UI 89·2–100·0) per 100 000 population. The COVID-19 pandemic shifted the rankings of the leading five causes, lowering stroke to the third-leading and chronic obstructive pulmonary disease to the fourth-leading position."
2-s2.0-85189898702,"Global burden of 288 causes of death and life expectancy decomposition in 204 countries and territories and 811 subnational locations, 1990–2021: a systematic analysis for the Global Burden of Disease Study 2021",2-s2.0-85189898702::resumen::12,resumen,SAL-04,El proyecto desarrolla intervenciones que contribuyeron a disminuir tasas de mortalidad en poblaciones específicas.,IMPACTO_MAS_ALLA_ACADEMIA,SALUD,0.456676,"In 2021, the highest age-standardised death rates from COVID-19 occurred in sub-Saharan Africa (271·0 deaths [250·1–290·7] per 100 000 population) and Latin America and the Caribbean (195·4 deaths [182·1–211·4] per 100 000 population). The lowest age-standardised death rates from COVID-19 were in the high-income super-region (48·1 deaths [47·4–48·8] per 100 000 population) and southeast Asia, east Asia, and Oceania (23·2 deaths [16·3–37·2] per 100 000 population). Globally, life expectancy steadily improved between 1990 and 2019 for 18 of the 22 investigated causes. Decomposition of global and regional life expectancy showed the positive effect that reductions in deaths from enteric infections, lower respiratory infections, stroke, and neonatal deaths, among others have contributed to improved survival over the study period."
2-s2.0-85189898702,"Global burden of 288 causes of death and life expectancy decomposition in 204 countries and territories and 811 subnational locations, 1990–2021: a systematic analysis for the Global Burden of Disease Study 2021",2-s2.0-85189898702::resumen::13,resumen,SAL-04,El proyecto desarrolla intervenciones que contribuyeron a disminuir tasas de mortalidad en poblaciones específicas.,IMPACTO_MAS_ALLA_ACADEMIA,SALUD,0.55368,"However, a net reduction of 1·6 years occurred in global life expectancy between 2019 and 2021, primarily due to increased death rates from COVID-19 and other pandemic-related mortality. Life expectancy was highly variable between super-regions over the study period, with southeast Asia, east Asia, and Oceania gaining 8·3 years (6·7–9·9) overall, while having the smallest reduction in life expectancy due to COVID-19 (0·4 years). The largest reduction in life expectancy due to COVID-19 occurred in Latin America and the Caribbean (3·6 years). Additionally, 53 of the 288 causes of death were highly concentrated in locations with less than 50% of the global population as of 2021, and these causes of death became progressively more concentrated since 1990, when only 44 causes showed this pattern."
2-s2.0-85189898702,"Global burden of 288 causes of death and life expectancy decomposition in 204 countries and territories and 811 subnational locations, 1990–2021: a systematic analysis for the Global Burden of Disease Study 2021",2-s2.0-85189898702::resumen::14,resumen,SAL-04,El proyecto desarrolla intervenciones que contribuyeron a disminuir tasas de mortalidad en poblaciones específicas.,IMPACTO_MAS_ALLA_ACADEMIA,SALUD,0.533794,"The concentration phenomenon is discussed heuristically with respect to enteric and lower respiratory infections, malaria, HIV/AIDS, neonatal disorders, tuberculosis, and measles. Interpretation: Long-standing gains in life expectancy and reductions in many of the leading causes of death have been disrupted by the COVID-19 pandemic, the adverse effects of which were spread unevenly among populations. Despite the pandemic, there has been continued progress in combatting several notable causes of death, leading to improved global life expectancy over the study period. Each of the seven GBD super-regions showed an overall improvement from 1990 and 2021, obscuring the negative effect in the years of the pandemic. Additionally, our findings regarding regional variation in causes of death driving increases in life expectancy hold clear policy utility."
2-s2.0-85189898702,"Global burden of 288 causes of death and life expectancy decomposition in 204 countries and territories and 811 subnational locations, 1990–2021: a systematic analysis for the Global Burden of Disease Study 2021",2-s2.0-85189898702::resumen::15,resumen,SAL-04,El proyecto desarrolla intervenciones que contribuyeron a disminuir tasas de mortalidad en poblaciones específicas.,IMPACTO_MAS_ALLA_ACADEMIA,SALUD,0.589961,"Analyses of shifting mortality trends reveal that several causes, once widespread globally, are now increasingly concentrated geographically. These changes in mortality concentration, alongside further investigation of changing risks, interventions, and relevant policy, present an important opportunity to deepen our understanding of mortality-reduction strategies. Examining patterns in mortality concentration might reveal areas where successful public health interventions have been implemented. Translating these successes to locations where certain causes of death remain entrenched can inform policies that work to improve life expectancy for people everywhere. Funding: Bill & Melinda Gates Foundation."
2-s2.0-85156248326,Factores psicológicos de los estudiantes universitarios y calidad de vida: Una revisión sistemática prepandemia [Psychological factors of university students and quality of life: A systematic review pre-pandemic],2-s2.0-85156248326::nombre_producto::6,nombre_producto,SOC-01,Mejora en la calidad de vida o bienestar atribuida al proyecto.,IMPACTO_MAS_ALLA_ACADEMIA,SOCIEDAD,0.423873,Factores psicológicos de los estudiantes universitarios y calidad de vida: Una revisión sistemática prepandemia [Psychological factors of university students and quality of life: A systematic review pre-pandemic]
2-s2.0-85156248326,Factores psicológicos de los estudiantes universitarios y calidad de vida: Una revisión sistemática prepandemia [Psychological factors of university students and quality of life: A systematic review pre-pandemic],2-s2.0-85156248326::resumen::7,resumen,COL-01,"El proyecto incorpora enfoques interdisciplinarios o transdisciplinarios tanto en el planteamiento del problema como en los métodos, tipos de análisis y perspectivas conceptuales utilizadas.",CONDICIONES_COLABORACION,,0.542274,"El presente trabajo es una revisión sistemática documental para el desarrollo de un marco de referencia sobre los factores psico lógicos de estudiantes universitarios en rela ción con la calidad de vida prepandemia. Se utilizó un método cualitativo descriptivo a través de una revisión sistemática documental a partir de la metodología PRISMA (Khan et al., 2003; Moher et al., 2009). Como fuente de información, se utilizaron trabajos publicados en las bases de datos RedALyC, Scopus, Elsevier, EBSCO, Springer Link, Medline y Psychology and Behavioral Sciences Collection durante el período 2015 al 2020. Para el análisis descriptivo, se seleccionaron 29 documentos que cumplían con los criterios de selección en el marco del proceso de búsqueda, identificación, selección, elección e interpretación."
2-s2.0-85156248326,Factores psicológicos de los estudiantes universitarios y calidad de vida: Una revisión sistemática prepandemia [Psychological factors of university students and quality of life: A systematic review pre-pandemic],2-s2.0-85156248326::resumen::7,resumen,SAL-01,El proyecto fortalece el bienestar físico y mental de la población.,IMPACTO_MAS_ALLA_ACADEMIA,SALUD,0.5285,"El presente trabajo es una revisión sistemática documental para el desarrollo de un marco de referencia sobre los factores psico lógicos de estudiantes universitarios en rela ción con la calidad de vida prepandemia. Se utilizó un método cualitativo descriptivo a través de una revisión sistemática documental a partir de la metodología PRISMA (Khan et al., 2003; Moher et al., 2009). Como fuente de información, se utilizaron trabajos publicados en las bases de datos RedALyC, Scopus, Elsevier, EBSCO, Springer Link, Medline y Psychology and Behavioral Sciences Collection durante el período 2015 al 2020. Para el análisis descriptivo, se seleccionaron 29 documentos que cumplían con los criterios de selección en el marco del proceso de búsqueda, identificación, selección, elección e interpretación."
2-s2.0-85156248326,Factores psicológicos de los estudiantes universitarios y calidad de vida: Una revisión sistemática prepandemia [Psychological factors of university students and quality of life: A systematic review pre-pandemic],2-s2.0-85156248326::resumen::7,resumen,SOC-01,Mejora en la calidad de vida o bienestar atribuida al proyecto.,IMPACTO_MAS_ALLA_ACADEMIA,SOCIEDAD,0.505439,"El presente trabajo es una revisión sistemática documental para el desarrollo de un marco de referencia sobre los factores psico lógicos de estudiantes universitarios en rela ción con la calidad de vida prepandemia. Se utilizó un método cualitativo descriptivo a través de una revisión sistemática documental a partir de la metodología PRISMA (Khan et al., 2003; Moher et al., 2009). Como fuente de información, se utilizaron trabajos publicados en las bases de datos RedALyC, Scopus, Elsevier, EBSCO, Springer Link, Medline y Psychology and Behavioral Sciences Collection durante el período 2015 al 2020. Para el análisis descriptivo, se seleccionaron 29 documentos que cumplían con los criterios de selección en el marco del proceso de búsqueda, identificación, selección, elección e interpretación."
2-s2.0-85156248326,Factores psicológicos de los estudiantes universitarios y calidad de vida: Una revisión sistemática prepandemia [Psychological factors of university students and quality of life: A systematic review pre-pandemic],2-s2.0-85156248326::resumen::8,resumen,SAL-01,El proyecto fortalece el bienestar físico y mental de la población.,IMPACTO_MAS_ALLA_ACADEMIA,SALUD,0.497965,"Los resultados muestran la prevalencia de estudios de tipo cuantitativo, así como el interés vigente por el momento del ciclo vital adolescencia-juventud en uno de sus contextos de desarrollo: la universidad, y los factores psicológicos sumados a los aspectos contextuales emergentes como la ansiedad, la ideación suicida y la depresión. Asimismo, se evidencia el efecto de estos aspectos en la percepción de la calidad de vida y del bien estar psicológico y emerge el concepto de estilos de vida como variable que actúa como producto y condición en el desarrollo de los estudiantes en esta etapa del ciclo vital. Final mente, se evidencian categorías como la inteligencia emocional, la resiliencia y el afrontamiento, que se constituyen en insumos para formular propuestas que permitan favorecer el desarrollo de adolescentes-jóvenes en el contexto universitario."
2-s2.0-85156248326,Factores psicológicos de los estudiantes universitarios y calidad de vida: Una revisión sistemática prepandemia [Psychological factors of university students and quality of life: A systematic review pre-pandemic],2-s2.0-85156248326::resumen::8,resumen,SOC-01,Mejora en la calidad de vida o bienestar atribuida al proyecto.,IMPACTO_MAS_ALLA_ACADEMIA,SOCIEDAD,0.495478,"Los resultados muestran la prevalencia de estudios de tipo cuantitativo, así como el interés vigente por el momento del ciclo vital adolescencia-juventud en uno de sus contextos de desarrollo: la universidad, y los factores psicológicos sumados a los aspectos contextuales emergentes como la ansiedad, la ideación suicida y la depresión. Asimismo, se evidencia el efecto de estos aspectos en la percepción de la calidad de vida y del bien estar psicológico y emerge el concepto de estilos de vida como variable que actúa como producto y condición en el desarrollo de los estudiantes en esta etapa del ciclo vital. Final mente, se evidencian categorías como la inteligencia emocional, la resiliencia y el afrontamiento, que se constituyen en insumos para formular propuestas que permitan favorecer el desarrollo de adolescentes-jóvenes en el contexto universitario."
2-s2.0-85156248326,Factores psicológicos de los estudiantes universitarios y calidad de vida: Una revisión sistemática prepandemia [Psychological factors of university students and quality of life: A systematic review pre-pandemic],2-s2.0-85156248326::resumen::8,resumen,ECO-06,"El proyecto impulsa el crecimiento económico de los grupos de interés (medido en TIR, ingresos, calidad de vida, etc.).",IMPACTO_MAS_ALLA_ACADEMIA,ECONOMIA,0.443964,"Los resultados muestran la prevalencia de estudios de tipo cuantitativo, así como el interés vigente por el momento del ciclo vital adolescencia-juventud en uno de sus contextos de desarrollo: la universidad, y los factores psicológicos sumados a los aspectos contextuales emergentes como la ansiedad, la ideación suicida y la depresión. Asimismo, se evidencia el efecto de estos aspectos en la percepción de la calidad de vida y del bien estar psicológico y emerge el concepto de estilos de vida como variable que actúa como producto y condición en el desarrollo de los estudiantes en esta etapa del ciclo vital. Final mente, se evidencian categorías como la inteligencia emocional, la resiliencia y el afrontamiento, que se constituyen en insumos para formular propuestas que permitan favorecer el desarrollo de adolescentes-jóvenes en el contexto universitario."
2-s2.0-85156248326,Factores psicológicos de los estudiantes universitarios y calidad de vida: Una revisión sistemática prepandemia [Psychological factors of university students and quality of life: A systematic review pre-pandemic],2-s2.0-85156248326::resumen::9,resumen,SAL-01,El proyecto fortalece el bienestar físico y mental de la población.,IMPACTO_MAS_ALLA_ACADEMIA,SALUD,0.491545,"Palabras clave: factores psicológicos, estudiantes universitarios, calidad de vida, salud, revisión sistemática. This work presents a systematic documentary review for the development of a frame of reference on the psychological factors of university students in relation to the pre-pan demic quality of life. Psychological factors are understood as psychological well-being and present the development of individual capabilities and human growth from self-acceptance, autonomy, positive relationships, life purpose and personal growth, which reflect attitudes and values of people, which are directly related to their quality of life. Likewise, it is evident in the literature that the stage of university life is framed by biopsychosocial changes that establish it as a period of attention for mature development and is considered as a transition for the later stages of the human life cycle."
2-s2.0-85156248326,Factores psicológicos de los estudiantes universitarios y calidad de vida: Una revisión sistemática prepandemia [Psychological factors of university students and quality of life: A systematic review pre-pandemic],2-s2.0-85156248326::resumen::9,resumen,SOC-01,Mejora en la calidad de vida o bienestar atribuida al proyecto.,IMPACTO_MAS_ALLA_ACADEMIA,SOCIEDAD,0.487117,"Palabras clave: factores psicológicos, estudiantes universitarios, calidad de vida, salud, revisión sistemática. This work presents a systematic documentary review for the development of a frame of reference on the psychological factors of university students in relation to the pre-pan demic quality of life. Psychological factors are understood as psychological well-being and present the development of individual capabilities and human growth from self-acceptance, autonomy, positive relationships, life purpose and personal growth, which reflect attitudes and values of people, which are directly related to their quality of life. Likewise, it is evident in the literature that the stage of university life is framed by biopsychosocial changes that establish it as a period of attention for mature development and is considered as a transition for the later stages of the human life cycle."
2-s2.0-85156248326,Factores psicológicos de los estudiantes universitarios y calidad de vida: Una revisión sistemática prepandemia [Psychological factors of university students and quality of life: A systematic review pre-pandemic],2-s2.0-85156248326::resumen::9,resumen,SAL-03,El proyecto implementa acciones orientadas a mejorar la calidad de vida de personas en situación de discapacidad.,IMPACTO_MAS_ALLA_ACADEMIA,SALUD,0.446755,"Palabras clave: factores psicológicos, estudiantes universitarios, calidad de vida, salud, revisión sistemática. This work presents a systematic documentary review for the development of a frame of reference on the psychological factors of university students in relation to the pre-pan demic quality of life. Psychological factors are understood as psychological well-being and present the development of individual capabilities and human growth from self-acceptance, autonomy, positive relationships, life purpose and personal growth, which reflect attitudes and values of people, which are directly related to their quality of life. Likewise, it is evident in the literature that the stage of university life is framed by biopsychosocial changes that establish it as a period of attention for mature development and is considered as a transition for the later stages of the human life cycle."
2-s2.0-85156248326,Factores psicológicos de los estudiantes universitarios y calidad de vida: Una revisión sistemática prepandemia [Psychological factors of university students and quality of life: A systematic review pre-pandemic],2-s2.0-85156248326::resumen::10,resumen,AMB-01,"El proyecto desarrolla soluciones ambientales asociadas a servicios ecosistémicos, biodiversidad o sostenibilidad ambiental.",IMPACTO_MAS_ALLA_ACADEMIA,MEDIO_AMBIENTE,0.543469,"In this sense, from an ecological theory perspective, the environment in which people relate has a direct influence on their formative development (Bronfenbrenner, 1987), since the levels of environment in which they are immersed determine positive or negative behavior, affecting their social and cultural conditions (Shelton, 2019). Therefore, changes in behavior are associated with some risk factors that can affect the health and quality of life of university students. The methodological approach used is focused on a descriptive qualitative study, through a systematic documentary review by the PRISMA methodology (Khan et al., 2003 y Moher et al., 2009) with the main characteristics, trends and particularities existing in the literature on psychological factors in young university students."
2-s2.0-85156248326,Factores psicológicos de los estudiantes universitarios y calidad de vida: Una revisión sistemática prepandemia [Psychological factors of university students and quality of life: A systematic review pre-pandemic],2-s2.0-85156248326::resumen::10,resumen,AMB-02,"El proyecto genera mejoras sostenibles en el entorno ambiental, económico y social de los grupos de interés.",IMPACTO_MAS_ALLA_ACADEMIA,MEDIO_AMBIENTE,0.538302,"In this sense, from an ecological theory perspective, the environment in which people relate has a direct influence on their formative development (Bronfenbrenner, 1987), since the levels of environment in which they are immersed determine positive or negative behavior, affecting their social and cultural conditions (Shelton, 2019). Therefore, changes in behavior are associated with some risk factors that can affect the health and quality of life of university students. The methodological approach used is focused on a descriptive qualitative study, through a systematic documentary review by the PRISMA methodology (Khan et al., 2003 y Moher et al., 2009) with the main characteristics, trends and particularities existing in the literature on psychological factors in young university students."
2-s2.0-85156248326,Factores psicológicos de los estudiantes universitarios y calidad de vida: Una revisión sistemática prepandemia [Psychological factors of university students and quality of life: A systematic review pre-pandemic],2-s2.0-85156248326::resumen::10,resumen,ASC-01,El proyecto establece mecanismos para el diálogo de saberes entre actores académicos y otros actores sociales.,APROPIACION_SOCIAL,,0.49721,"In this sense, from an ecological theory perspective, the environment in which people relate has a direct influence on their formative development (Bronfenbrenner, 1987), since the levels of environment in which they are immersed determine positive or negative behavior, affecting their social and cultural conditions (Shelton, 2019). Therefore, changes in behavior are associated with some risk factors that can affect the health and quality of life of university students. The methodological approach used is focused on a descriptive qualitative study, through a systematic documentary review by the PRISMA methodology (Khan et al., 2003 y Moher et al., 2009) with the main characteristics, trends and particularities existing in the literature on psychological factors in young university students."
2-s2.0-85156248326,Factores psicológicos de los estudiantes universitarios y calidad de vida: Una revisión sistemática prepandemia [Psychological factors of university students and quality of life: A systematic review pre-pandemic],2-s2.0-85156248326::resumen::11,resumen,COL-01,"El proyecto incorpora enfoques interdisciplinarios o transdisciplinarios tanto en el planteamiento del problema como en los métodos, tipos de análisis y perspectivas conceptuales utilizadas.",CONDICIONES_COLABORACION,,0.441104,"For the systematic review of this work, we chose to use the five stages called: Search, Identification, Screening, Eligibility, and Interpretation. The Search procedure was initiated from the categories of psychological factors related to the quality of life in university students and from the search equations. As a source of information, papers published in the databases of RedALyC, Scopus, Elsevier, EBSCO, Springer Link, Medline and Psychology and Behavioral Sciences Collection during the period between January 2015 and first half of the year 2020 were used. For the Identification stage, inclusion and exclusion criteria were elaborated considering articles published in scientific journals of psychology and health in the period covered. In the Screening stage, they found a total of 41 950 papers in 82 journals registered in the databases."
2-s2.0-85156248326,Factores psicológicos de los estudiantes universitarios y calidad de vida: Una revisión sistemática prepandemia [Psychological factors of university students and quality of life: A systematic review pre-pandemic],2-s2.0-85156248326::resumen::11,resumen,DIV-04,"Nivel en que los resultados, metodologías o saberes generados por el proyecto son difundidos en formatos comprensibles, abiertos y reutilizables, y en que dichos materiales son efectivamente consultados y aprovechados por públicos diversos.",DIVULGACION,,0.427231,"For the systematic review of this work, we chose to use the five stages called: Search, Identification, Screening, Eligibility, and Interpretation. The Search procedure was initiated from the categories of psychological factors related to the quality of life in university students and from the search equations. As a source of information, papers published in the databases of RedALyC, Scopus, Elsevier, EBSCO, Springer Link, Medline and Psychology and Behavioral Sciences Collection during the period between January 2015 and first half of the year 2020 were used. For the Identification stage, inclusion and exclusion criteria were elaborated considering articles published in scientific journals of psychology and health in the period covered. In the Screening stage, they found a total of 41 950 papers in 82 journals registered in the databases."
2-s2.0-85156248326,Factores psicológicos de los estudiantes universitarios y calidad de vida: Una revisión sistemática prepandemia [Psychological factors of university students and quality of life: A systematic review pre-pandemic],2-s2.0-85156248326::resumen::11,resumen,SOC-01,Mejora en la calidad de vida o bienestar atribuida al proyecto.,IMPACTO_MAS_ALLA_ACADEMIA,SOCIEDAD,0.426338,"For the systematic review of this work, we chose to use the five stages called: Search, Identification, Screening, Eligibility, and Interpretation. The Search procedure was initiated from the categories of psychological factors related to the quality of life in university students and from the search equations. As a source of information, papers published in the databases of RedALyC, Scopus, Elsevier, EBSCO, Springer Link, Medline and Psychology and Behavioral Sciences Collection during the period between January 2015 and first half of the year 2020 were used. For the Identification stage, inclusion and exclusion criteria were elaborated considering articles published in scientific journals of psychology and health in the period covered. In the Screening stage, they found a total of 41 950 papers in 82 journals registered in the databases."
2-s2.0-85156248326,Factores psicológicos de los estudiantes universitarios y calidad de vida: Una revisión sistemática prepandemia [Psychological factors of university students and quality of life: A systematic review pre-pandemic],2-s2.0-85156248326::resumen::13,resumen,SOC-01,Mejora en la calidad de vida o bienestar atribuida al proyecto.,IMPACTO_MAS_ALLA_ACADEMIA,SOCIEDAD,0.498963,"Likewise, the effect of these aspects on the perception of quality of life and psychological well-being is evident. Similarly, the concept of lifestyles emerges as a variable that acts as a product and condition in the development of students at this stage of the life cycle. Finally, categories such as emotional intelligence, resilience, and coping are shown to be inputs to formulate proposals that can favor the development of adolescents and young people. In conclusion, it is necessary to carry out more studies on psychological factors and the problems associated with them, as a reflection of the quality of life from the perspective of promoting the health of university students."
2-s2.0-85156248326,Factores psicológicos de los estudiantes universitarios y calidad de vida: Una revisión sistemática prepandemia [Psychological factors of university students and quality of life: A systematic review pre-pandemic],2-s2.0-85156248326::resumen::13,resumen,SAL-01,El proyecto fortalece el bienestar físico y mental de la población.,IMPACTO_MAS_ALLA_ACADEMIA,SALUD,0.497361,"Likewise, the effect of these aspects on the perception of quality of life and psychological well-being is evident. Similarly, the concept of lifestyles emerges as a variable that acts as a product and condition in the development of students at this stage of the life cycle. Finally, categories such as emotional intelligence, resilience, and coping are shown to be inputs to formulate proposals that can favor the development of adolescents and young people. In conclusion, it is necessary to carry out more studies on psychological factors and the problems associated with them, as a reflection of the quality of life from the perspective of promoting the health of university students."
2-s2.0-85156248326,Factores psicológicos de los estudiantes universitarios y calidad de vida: Una revisión sistemática prepandemia [Psychological factors of university students and quality of life: A systematic review pre-pandemic],2-s2.0-85156248326::resumen::13,resumen,SAL-03,El proyecto implementa acciones orientadas a mejorar la calidad de vida de personas en situación de discapacidad.,IMPACTO_MAS_ALLA_ACADEMIA,SALUD,0.439248,"Likewise, the effect of these aspects on the perception of quality of life and psychological well-being is evident. Similarly, the concept of lifestyles emerges as a variable that acts as a product and condition in the development of students at this stage of the life cycle. Finally, categories such as emotional intelligence, resilience, and coping are shown to be inputs to formulate proposals that can favor the development of adolescents and young people. In conclusion, it is necessary to carry out more studies on psychological factors and the problems associated with them, as a reflection of the quality of life from the perspective of promoting the health of university students."
2-s2.0-85156248326,Factores psicológicos de los estudiantes universitarios y calidad de vida: Una revisión sistemática prepandemia [Psychological factors of university students and quality of life: A systematic review pre-pandemic],2-s2.0-85156248326::palabras_clave::14,palabras_clave,SOC-01,Mejora en la calidad de vida o bienestar atribuida al proyecto.,IMPACTO_MAS_ALLA_ACADEMIA,SOCIEDAD,0.612708,health | psychological factors | quality of life | systematic review | university students
2-s2.0-85156248326,Factores psicológicos de los estudiantes universitarios y calidad de vida: Una revisión sistemática prepandemia [Psychological factors of university students and quality of life: A systematic review pre-pandemic],2-s2.0-85156248326::palabras_clave::14,palabras_clave,SAL-01,El proyecto fortalece el bienestar físico y mental de la población.,IMPACTO_MAS_ALLA_ACADEMIA,SALUD,0.574101,health | psychological factors | quality of life | systematic review | university students
2-s2.0-85156248326,Factores psicológicos de los estudiantes universitarios y calidad de vida: Una revisión sistemática prepandemia [Psychological factors of university students and quality of life: A systematic review pre-pandemic],2-s2.0-85156248326::palabras_clave::14,palabras_clave,SAL-03,El proyecto implementa acciones orientadas a mejorar la calidad de vida de personas en situación de discapacidad.,IMPACTO_MAS_ALLA_ACADEMIA,SALUD,0.519835,health | psychological factors | quality of life | systematic review | university students
2-s2.0-85099940331,The Bibliometric Studies in the Field of Ibero-American Psychology: A Metabibliometric Review,2-s2.0-85099940331::resumen::7,resumen,COL-01,"El proyecto incorpora enfoques interdisciplinarios o transdisciplinarios tanto en el planteamiento del problema como en los métodos, tipos de análisis y perspectivas conceptuales utilizadas.",CONDICIONES_COLABORACION,,0.454477,"Bibliometry consists on the mathematical and statistical treatment of published scientific information. This methodology, or technique (following some authors), includes the quantification of bibliographic information that can be analyzed. Bibliometric and qualitative data reviews can be combined in order to offer high-quality conclusions. For more than three decades, bibliometric studies have proliferated with different uses, orientations, and applications in Ibero-American psychology. All the classic areas of psychology (basic psychological processes, clinical and health psychology, organizational and work psychology, educational psychology), as well as new areas, such as sports psychology, traffic psychology, consumer psychology, and others have been subject of bibliometric works."
2-s2.0-85099940331,The Bibliometric Studies in the Field of Ibero-American Psychology: A Metabibliometric Review,2-s2.0-85099940331::resumen::8,resumen,DIV-04,"Nivel en que los resultados, metodologías o saberes generados por el proyecto son difundidos en formatos comprensibles, abiertos y reutilizables, y en que dichos materiales son efectivamente consultados y aprovechados por públicos diversos.",DIVULGACION,,0.49721,"Several productions can be recognized where bibliometry is used for historical analysis, review of specialized literature, scientific journals analysis, and the recognition of different areas of research. The goal of this work is to provide a metabibliometric analysis, that is, a bibliometry of bibliometric studies. It is a descriptive study in which different documentary sources are retrieved, classified, and analyzed based on the proper procedure of bibliometric studies. This study examined the scientific and scholarly productions in the field of Ibero-American psychology, using three specific databases: Dialnet (Spain), Redalyc (Mexico), and SciELO (Brazil)."
2-s2.0-85099940331,The Bibliometric Studies in the Field of Ibero-American Psychology: A Metabibliometric Review,2-s2.0-85099940331::resumen::8,resumen,COL-01,"El proyecto incorpora enfoques interdisciplinarios o transdisciplinarios tanto en el planteamiento del problema como en los métodos, tipos de análisis y perspectivas conceptuales utilizadas.",CONDICIONES_COLABORACION,,0.483016,"Several productions can be recognized where bibliometry is used for historical analysis, review of specialized literature, scientific journals analysis, and the recognition of different areas of research. The goal of this work is to provide a metabibliometric analysis, that is, a bibliometry of bibliometric studies. It is a descriptive study in which different documentary sources are retrieved, classified, and analyzed based on the proper procedure of bibliometric studies. This study examined the scientific and scholarly productions in the field of Ibero-American psychology, using three specific databases: Dialnet (Spain), Redalyc (Mexico), and SciELO (Brazil)."
2-s2.0-85099940331,The Bibliometric Studies in the Field of Ibero-American Psychology: A Metabibliometric Review,2-s2.0-85099940331::resumen::8,resumen,DIV-02,"Número de productos (comunicados, artículos, blogs, libros, videos, material para redes sociales, entre otros) diseñados y utilizados para comunicar los resultados del proyecto a públicos diversos.",DIVULGACION,,0.432282,"Several productions can be recognized where bibliometry is used for historical analysis, review of specialized literature, scientific journals analysis, and the recognition of different areas of research. The goal of this work is to provide a metabibliometric analysis, that is, a bibliometry of bibliometric studies. It is a descriptive study in which different documentary sources are retrieved, classified, and analyzed based on the proper procedure of bibliometric studies. This study examined the scientific and scholarly productions in the field of Ibero-American psychology, using three specific databases: Dialnet (Spain), Redalyc (Mexico), and SciELO (Brazil)."
2-s2.0-85099940331,The Bibliometric Studies in the Field of Ibero-American Psychology: A Metabibliometric Review,2-s2.0-85099940331::resumen::10,resumen,DIV-03,Número de menciones en medios de comunicación y redes sociales de los hallazgos del proyecto.,DIVULGACION,,0.497807,"The final refined sample of 81 articles were classified according to the following indicators: a) lines of research; b) more frequent authors; c) countries of the authors; d) range of years of publications; e) language of the publications; f) gender in the writing of the works; g) the journals that published the most bibliometric studies; and h) the most analyzed journals from the bibliometric perspective. The vast majority of articles are from the present century (70), which highlights the recent explosion of work in the field. For reference only, eight articles were published in the 1990s, 34 articles were published in the 2000s, and 36 articles were published in the current half-decade. The language of the articles is distributed as follows: 71 in Spanish (88 %), 5 in English (6 %), and 5 in Portuguese (6 %)."
2-s2.0-85099940331,The Bibliometric Studies in the Field of Ibero-American Psychology: A Metabibliometric Review,2-s2.0-85099940331::resumen::10,resumen,POL-02,"Número de documentos oficiales (política pública, leyes, regulaciones o decisiones judiciales) que citan resultados del proyecto.",IMPACTO_MAS_ALLA_ACADEMIA,POLITICA_PUBLICA,0.48526,"The final refined sample of 81 articles were classified according to the following indicators: a) lines of research; b) more frequent authors; c) countries of the authors; d) range of years of publications; e) language of the publications; f) gender in the writing of the works; g) the journals that published the most bibliometric studies; and h) the most analyzed journals from the bibliometric perspective. The vast majority of articles are from the present century (70), which highlights the recent explosion of work in the field. For reference only, eight articles were published in the 1990s, 34 articles were published in the 2000s, and 36 articles were published in the current half-decade. The language of the articles is distributed as follows: 71 in Spanish (88 %), 5 in English (6 %), and 5 in Portuguese (6 %)."
2-s2.0-85099940331,The Bibliometric Studies in the Field of Ibero-American Psychology: A Metabibliometric Review,2-s2.0-85099940331::resumen::10,resumen,POL-07,Número de informes técnicos o documentos de política generados desde el proyecto y entregados a entidades gubernamentales.,IMPACTO_MAS_ALLA_ACADEMIA,POLITICA_PUBLICA,0.451699,"The final refined sample of 81 articles were classified according to the following indicators: a) lines of research; b) more frequent authors; c) countries of the authors; d) range of years of publications; e) language of the publications; f) gender in the writing of the works; g) the journals that published the most bibliometric studies; and h) the most analyzed journals from the bibliometric perspective. The vast majority of articles are from the present century (70), which highlights the recent explosion of work in the field. For reference only, eight articles were published in the 1990s, 34 articles were published in the 2000s, and 36 articles were published in the current half-decade. The language of the articles is distributed as follows: 71 in Spanish (88 %), 5 in English (6 %), and 5 in Portuguese (6 %)."
2-s2.0-85099940331,The Bibliometric Studies in the Field of Ibero-American Psychology: A Metabibliometric Review,2-s2.0-85099940331::resumen::12,resumen,COL-01,"El proyecto incorpora enfoques interdisciplinarios o transdisciplinarios tanto en el planteamiento del problema como en los métodos, tipos de análisis y perspectivas conceptuales utilizadas.",CONDICIONES_COLABORACION,,0.444404,"The most significant criticism that can be indicated for these bibliometric studies is the abusive descriptive perspective that appears in them. It would be desirable for this kind of research to incorporate other analytical perspectives to go beyond the purely descriptive, which could obtain greater interpretative and explanatory potential regarding what was investigated"
2-s2.0-85099940331,The Bibliometric Studies in the Field of Ibero-American Psychology: A Metabibliometric Review,2-s2.0-85099940331::palabras_clave::13,palabras_clave,DIV-05,Número de espacios públicos promovidos por el proyecto para debatir la problemática investigativa y social más allá del ámbito académico.,DIVULGACION,,0.452533,bibliometric analysis | history of psychology | Ibero-America | metabibliometric analysis | scientometrics
2-s2.0-85099940331,The Bibliometric Studies in the Field of Ibero-American Psychology: A Metabibliometric Review,2-s2.0-85099940331::palabras_clave::13,palabras_clave,POL-04,"Número de manuales, herramientas o metodologías derivadas del proyecto y adoptadas por entidades estatales.",IMPACTO_MAS_ALLA_ACADEMIA,POLITICA_PUBLICA,0.438735,bibliometric analysis | history of psychology | Ibero-America | metabibliometric analysis | scientometrics
2-s2.0-85099940331,The Bibliometric Studies in the Field of Ibero-American Psychology: A Metabibliometric Review,2-s2.0-85099940331::palabras_clave::13,palabras_clave,DIV-03,Número de menciones en medios de comunicación y redes sociales de los hallazgos del proyecto.,DIVULGACION,,0.435722,bibliometric analysis | history of psychology | Ibero-America | metabibliometric analysis | scientometrics
ART-DEMO-001,Participatory evaluation of a community telehealth program for rural caregivers,ART-DEMO-001::nombre_producto::4,nombre_producto,SAL-06,El proyecto fortalece estrategias participativas de cuidado implementadas por distintos actores sociales.,IMPACTO_MAS_ALLA_ACADEMIA,SALUD,0.59376,Participatory evaluation of a community telehealth program for rural caregivers
ART-DEMO-001,Participatory evaluation of a community telehealth program for rural caregivers,ART-DEMO-001::nombre_producto::4,nombre_producto,SAL-03,El proyecto implementa acciones orientadas a mejorar la calidad de vida de personas en situación de discapacidad.,IMPACTO_MAS_ALLA_ACADEMIA,SALUD,0.469536,Participatory evaluation of a community telehealth program for rural caregivers
ART-DEMO-001,Participatory evaluation of a community telehealth program for rural caregivers,ART-DEMO-001::resumen::5,resumen,SAL-06,El proyecto fortalece estrategias participativas de cuidado implementadas por distintos actores sociales.,IMPACTO_MAS_ALLA_ACADEMIA,SALUD,0.671364,"This article reports a participatory evaluation of a telehealth program with rural caregivers, community leaders and primary care teams. External academic and non-academic actors participated actively in defining the problem, implementing the service and evaluating the results. Workshops identified needs, tested the service and discussed changes in access to support."
ART-DEMO-001,Participatory evaluation of a community telehealth program for rural caregivers,ART-DEMO-001::resumen::5,resumen,COL-01,"El proyecto incorpora enfoques interdisciplinarios o transdisciplinarios tanto en el planteamiento del problema como en los métodos, tipos de análisis y perspectivas conceptuales utilizadas.",CONDICIONES_COLABORACION,,0.587642,"This article reports a participatory evaluation of a telehealth program with rural caregivers, community leaders and primary care teams. External academic and non-academic actors participated actively in defining the problem, implementing the service and evaluating the results. Workshops identified needs, tested the service and discussed changes in access to support."
ART-DEMO-001,Participatory evaluation of a community telehealth program for rural caregivers,ART-DEMO-001::resumen::5,resumen,COL-03,"Nivel de participación efectiva de actores de la comunidad, Estado, sociedad o empresa en la formulación, ejecución y evaluación del proyecto.",CONDICIONES_COLABORACION,,0.570398,"This article reports a participatory evaluation of a telehealth program with rural caregivers, community leaders and primary care teams. External academic and non-academic actors participated actively in defining the problem, implementing the service and evaluating the results. Workshops identified needs, tested the service and discussed changes in access to support."
ART-DEMO-001,Participatory evaluation of a community telehealth program for rural caregivers,ART-DEMO-001::palabras_clave::6,palabras_clave,SAL-06,El proyecto fortalece estrategias participativas de cuidado implementadas por distintos actores sociales.,IMPACTO_MAS_ALLA_ACADEMIA,SALUD,0.650896,telehealth; caregivers; active participation; rural health
ART-DEMO-001,Participatory evaluation of a community telehealth program for rural caregivers,ART-DEMO-001::palabras_clave::6,palabras_clave,SAL-01,El proyecto fortalece el bienestar físico y mental de la población.,IMPACTO_MAS_ALLA_ACADEMIA,SALUD,0.51055,telehealth; caregivers; active participation; rural health
ART-DEMO-001,Participatory evaluation of a community telehealth program for rural caregivers,ART-DEMO-001::palabras_clave::6,palabras_clave,SAL-03,El proyecto implementa acciones orientadas a mejorar la calidad de vida de personas en situación de discapacidad.,IMPACTO_MAS_ALLA_ACADEMIA,SALUD,0.508361,telehealth; caregivers; active participation; rural health
ART-DEMO-001,Participatory evaluation of a community telehealth program for rural caregivers,ART-DEMO-001::objetivos::12,objetivos,SAL-06,El proyecto fortalece estrategias participativas de cuidado implementadas por distintos actores sociales.,IMPACTO_MAS_ALLA_ACADEMIA,SALUD,0.686523,"Documentar la participación de organizaciones comunitarias y equipos de salud durante la formulación, ejecución y evaluación del servicio."
ART-DEMO-001,Participatory evaluation of a community telehealth program for rural caregivers,ART-DEMO-001::objetivos::12,objetivos,COL-03,"Nivel de participación efectiva de actores de la comunidad, Estado, sociedad o empresa en la formulación, ejecución y evaluación del proyecto.",CONDICIONES_COLABORACION,,0.650734,"Documentar la participación de organizaciones comunitarias y equipos de salud durante la formulación, ejecución y evaluación del servicio."
ART-DEMO-001,Participatory evaluation of a community telehealth program for rural caregivers,ART-DEMO-001::objetivos::12,objetivos,SOC-02,"El proyecto contribuye a consolidar redes de colaboración y alianzas entre comunidades, organizaciones e instituciones.",IMPACTO_MAS_ALLA_ACADEMIA,SOCIEDAD,0.579073,"Documentar la participación de organizaciones comunitarias y equipos de salud durante la formulación, ejecución y evaluación del servicio."
ART-DEMO-002,Open sensors and citizen science for urban air quality communication,ART-DEMO-002::nombre_producto::4,nombre_producto,POL-01,"El proyecto facilita la participación activa de los grupos de interés en procesos de formulación, monitoreo o evaluación de políticas públicas o iniciativas de ciencia ciudadana.",IMPACTO_MAS_ALLA_ACADEMIA,POLITICA_PUBLICA,0.436686,Open sensors and citizen science for urban air quality communication
ART-DEMO-002,Open sensors and citizen science for urban air quality communication,ART-DEMO-002::nombre_producto::4,nombre_producto,SAL-02,El proyecto contribuye a prevenir riesgos en salud pública.,IMPACTO_MAS_ALLA_ACADEMIA,SALUD,0.432765,Open sensors and citizen science for urban air quality communication
ART-DEMO-002,Open sensors and citizen science for urban air quality communication,ART-DEMO-002::nombre_producto::4,nombre_producto,DIV-01,El proyecto desarrolla productos y estrategias eficaces para comunicar el conocimiento generado a públicos no especializados.,DIVULGACION,,0.428669,Open sensors and citizen science for urban air quality communication
ART-DEMO-002,Open sensors and citizen science for urban air quality communication,ART-DEMO-002::resumen::5,resumen,DIV-04,"Nivel en que los resultados, metodologías o saberes generados por el proyecto son difundidos en formatos comprensibles, abiertos y reutilizables, y en que dichos materiales son efectivamente consultados y aprovechados por públicos diversos.",DIVULGACION,,0.533809,"The study documents an open sensor network developed with schools and neighborhood organizations to measure urban air quality. Participants interpreted results, created and used accessible communication materials for non-specialized publics, and proposed local mitigation actions."
ART-DEMO-002,Open sensors and citizen science for urban air quality communication,ART-DEMO-002::resumen::5,resumen,POL-01,"El proyecto facilita la participación activa de los grupos de interés en procesos de formulación, monitoreo o evaluación de políticas públicas o iniciativas de ciencia ciudadana.",IMPACTO_MAS_ALLA_ACADEMIA,POLITICA_PUBLICA,0.518385,"The study documents an open sensor network developed with schools and neighborhood organizations to measure urban air quality. Participants interpreted results, created and used accessible communication materials for non-specialized publics, and proposed local mitigation actions."
ART-DEMO-002,Open sensors and citizen science for urban air quality communication,ART-DEMO-002::resumen::5,resumen,TEC-04,El proyecto utiliza tecnología para maximizar el impacto positivo en comunidades o actores destinatarios.,IMPACTO_MAS_ALLA_ACADEMIA,TECNOLOGIA,0.511945,"The study documents an open sensor network developed with schools and neighborhood organizations to measure urban air quality. Participants interpreted results, created and used accessible communication materials for non-specialized publics, and proposed local mitigation actions."
ART-DEMO-002,Open sensors and citizen science for urban air quality communication,ART-DEMO-002::palabras_clave::6,palabras_clave,POL-01,"El proyecto facilita la participación activa de los grupos de interés en procesos de formulación, monitoreo o evaluación de políticas públicas o iniciativas de ciencia ciudadana.",IMPACTO_MAS_ALLA_ACADEMIA,POLITICA_PUBLICA,0.606439,citizen science; open sensors; air quality; public communication
ART-DEMO-002,Open sensors and citizen science for urban air quality communication,ART-DEMO-002::palabras_clave::6,palabras_clave,DIV-01,El proyecto desarrolla productos y estrategias eficaces para comunicar el conocimiento generado a públicos no especializados.,DIVULGACION,,0.572359,citizen science; open sensors; air quality; public communication
ART-DEMO-002,Open sensors and citizen science for urban air quality communication,ART-DEMO-002::palabras_clave::6,palabras_clave,DIV-04,"Nivel en que los resultados, metodologías o saberes generados por el proyecto son difundidos en formatos comprensibles, abiertos y reutilizables, y en que dichos materiales son efectivamente consultados y aprovechados por públicos diversos.",DIVULGACION,,0.54731,citizen science; open sensors; air quality; public communication
ART-DEMO-002,Open sensors and citizen science for urban air quality communication,ART-DEMO-002::objetivos::12,objetivos,DIV-01,El proyecto desarrolla productos y estrategias eficaces para comunicar el conocimiento generado a públicos no especializados.,DIVULGACION,,0.859679,Diseñar y utilizar productos de comunicación del conocimiento para públicos no especializados.
ART-DEMO-002,Open sensors and citizen science for urban air quality communication,ART-DEMO-002::objetivos::12,objetivos,DIV-02,"Número de productos (comunicados, artículos, blogs, libros, videos, material para redes sociales, entre otros) diseñados y utilizados para comunicar los resultados del proyecto a públicos diversos.",DIVULGACION,,0.673903,Diseñar y utilizar productos de comunicación del conocimiento para públicos no especializados.
ART-DEMO-002,Open sensors and citizen science for urban air quality communication,ART-DEMO-002::objetivos::12,objetivos,DIV-04,"Nivel en que los resultados, metodologías o saberes generados por el proyecto son difundidos en formatos comprensibles, abiertos y reutilizables, y en que dichos materiales son efectivamente consultados y aprovechados por públicos diversos.",DIVULGACION,,0.610031,Diseñar y utilizar productos de comunicación del conocimiento para públicos no especializados.
ART-DEMO-003,Cultural memory workshops and digital storytelling with displaced youth,ART-DEMO-003::nombre_producto::4,nombre_producto,CUL-01,"El proyecto fortalece procesos de construcción, preservación y revitalización de la memoria e identidad cultural en comunidades o territorios.",IMPACTO_MAS_ALLA_ACADEMIA,CULTURA,0.670673,Cultural memory workshops and digital storytelling with displaced youth
ART-DEMO-003,Cultural memory workshops and digital storytelling with displaced youth,ART-DEMO-003::nombre_producto::4,nombre_producto,CUL-02,"El proyecto promueve la conservación, valorización o enriquecimiento del patrimonio cultural, ya sea material o inmaterial.",IMPACTO_MAS_ALLA_ACADEMIA,CULTURA,0.454246,Cultural memory workshops and digital storytelling with displaced youth
ART-DEMO-003,Cultural memory workshops and digital storytelling with displaced youth,ART-DEMO-003::nombre_producto::4,nombre_producto,DIV-01,El proyecto desarrolla productos y estrategias eficaces para comunicar el conocimiento generado a públicos no especializados.,DIVULGACION,,0.442848,Cultural memory workshops and digital storytelling with displaced youth
ART-DEMO-003,Cultural memory workshops and digital storytelling with displaced youth,ART-DEMO-003::resumen::5,resumen,CUL-01,"El proyecto fortalece procesos de construcción, preservación y revitalización de la memoria e identidad cultural en comunidades o territorios.",IMPACTO_MAS_ALLA_ACADEMIA,CULTURA,0.601351,"This article presents digital storytelling workshops conducted with displaced youth and cultural organizations. Young participants curated narratives, preserved and revitalized cultural memory and community identity, produced audiovisual materials and shared them in public exhibitions."
ART-DEMO-003,Cultural memory workshops and digital storytelling with displaced youth,ART-DEMO-003::resumen::5,resumen,DIV-02,"Número de productos (comunicados, artículos, blogs, libros, videos, material para redes sociales, entre otros) diseñados y utilizados para comunicar los resultados del proyecto a públicos diversos.",DIVULGACION,,0.535655,"This article presents digital storytelling workshops conducted with displaced youth and cultural organizations. Young participants curated narratives, preserved and revitalized cultural memory and community identity, produced audiovisual materials and shared them in public exhibitions."
ART-DEMO-003,Cultural memory workshops and digital storytelling with displaced youth,ART-DEMO-003::resumen::5,resumen,DIV-05,Número de espacios públicos promovidos por el proyecto para debatir la problemática investigativa y social más allá del ámbito académico.,DIVULGACION,,0.534914,"This article presents digital storytelling workshops conducted with displaced youth and cultural organizations. Young participants curated narratives, preserved and revitalized cultural memory and community identity, produced audiovisual materials and shared them in public exhibitions."
ART-DEMO-003,Cultural memory workshops and digital storytelling with displaced youth,ART-DEMO-003::palabras_clave::6,palabras_clave,CUL-01,"El proyecto fortalece procesos de construcción, preservación y revitalización de la memoria e identidad cultural en comunidades o territorios.",IMPACTO_MAS_ALLA_ACADEMIA,CULTURA,0.734671,cultural memory; community identity; heritage; digital storytelling
ART-DEMO-003,Cultural memory workshops and digital storytelling with displaced youth,ART-DEMO-003::palabras_clave::6,palabras_clave,CUL-02,"El proyecto promueve la conservación, valorización o enriquecimiento del patrimonio cultural, ya sea material o inmaterial.",IMPACTO_MAS_ALLA_ACADEMIA,CULTURA,0.562508,cultural memory; community identity; heritage; digital storytelling
ART-DEMO-003,Cultural memory workshops and digital storytelling with displaced youth,ART-DEMO-003::palabras_clave::6,palabras_clave,DIV-05,Número de espacios públicos promovidos por el proyecto para debatir la problemática investigativa y social más allá del ámbito académico.,DIVULGACION,,0.468612,cultural memory; community identity; heritage; digital storytelling
ART-DEMO-003,Cultural memory workshops and digital storytelling with displaced youth,ART-DEMO-003::objetivos::12,objetivos,CUL-01,"El proyecto fortalece procesos de construcción, preservación y revitalización de la memoria e identidad cultural en comunidades o territorios.",IMPACTO_MAS_ALLA_ACADEMIA,CULTURA,0.832114,Fortalecer la preservación y revitalización de la memoria e identidad cultural en la comunidad participante.
ART-DEMO-003,Cultural memory workshops and digital storytelling with displaced youth,ART-DEMO-003::objetivos::12,objetivos,CUL-02,"El proyecto promueve la conservación, valorización o enriquecimiento del patrimonio cultural, ya sea material o inmaterial.",IMPACTO_MAS_ALLA_ACADEMIA,CULTURA,0.588173,Fortalecer la preservación y revitalización de la memoria e identidad cultural en la comunidad participante.
ART-DEMO-003,Cultural memory workshops and digital storytelling with displaced youth,ART-DEMO-003::objetivos::12,objetivos,ASC-02,"La solución generada por el proyecto es usada, adaptada, replicada o sostenida por la comunidad, territorio o entidad beneficiaria.",APROPIACION_SOCIAL,,0.452123,Fortalecer la preservación y revitalización de la memoria e identidad cultural en la comunidad participante.
ART-DEMO-004,Circular bioeconomy pathways for farmer cooperatives,ART-DEMO-004::palabras_clave::6,palabras_clave,ECO-07,El proyecto promueve capacidades productivas mediante la creación de redes colaborativas o estrategias de economía solidaria.,IMPACTO_MAS_ALLA_ACADEMIA,ECONOMIA,0.524303,bioeconomy; cooperatives; additional income; value chain
ART-DEMO-004,Circular bioeconomy pathways for farmer cooperatives,ART-DEMO-004::palabras_clave::6,palabras_clave,ECO-06,"El proyecto impulsa el crecimiento económico de los grupos de interés (medido en TIR, ingresos, calidad de vida, etc.).",IMPACTO_MAS_ALLA_ACADEMIA,ECONOMIA,0.49785,bioeconomy; cooperatives; additional income; value chain
ART-DEMO-004,Circular bioeconomy pathways for farmer cooperatives,ART-DEMO-004::palabras_clave::6,palabras_clave,AMB-02,"El proyecto genera mejoras sostenibles en el entorno ambiental, económico y social de los grupos de interés.",IMPACTO_MAS_ALLA_ACADEMIA,MEDIO_AMBIENTE,0.497396,bioeconomy; cooperatives; additional income; value chain
ART-DEMO-004,Circular bioeconomy pathways for farmer cooperatives,ART-DEMO-004::objetivos::12,objetivos,ECO-01,"El proyecto genera ingresos adicionales mediante la implementación, validación o comercialización de procesos, metodologías o productos nuevos o mejorados.",IMPACTO_MAS_ALLA_ACADEMIA,ECONOMIA,0.760597,Analizar ingresos adicionales derivados de la implementación y comercialización de procesos productivos mejorados.
ART-DEMO-004,Circular bioeconomy pathways for farmer cooperatives,ART-DEMO-004::objetivos::12,objetivos,ECO-02,El proyecto logra reducir costos en procesos organizativos o productivos mediante la implementación de mejoras o innovaciones.,IMPACTO_MAS_ALLA_ACADEMIA,ECONOMIA,0.575703,Analizar ingresos adicionales derivados de la implementación y comercialización de procesos productivos mejorados.
ART-DEMO-004,Circular bioeconomy pathways for farmer cooperatives,ART-DEMO-004::objetivos::12,objetivos,TEC-03,Los resultados tecnológicos son desarrollados con potencial de comercialización.,IMPACTO_MAS_ALLA_ACADEMIA,TECNOLOGIA,0.553126,Analizar ingresos adicionales derivados de la implementación y comercialización de procesos productivos mejorados.
ART-DEMO-005,Evidence briefs for local climate adaptation policy,ART-DEMO-005::nombre_producto::4,nombre_producto,AMB-02,"El proyecto genera mejoras sostenibles en el entorno ambiental, económico y social de los grupos de interés.",IMPACTO_MAS_ALLA_ACADEMIA,MEDIO_AMBIENTE,0.512006,Evidence briefs for local climate adaptation policy
ART-DEMO-005,Evidence briefs for local climate adaptation policy,ART-DEMO-005::nombre_producto::4,nombre_producto,AMB-01,"El proyecto desarrolla soluciones ambientales asociadas a servicios ecosistémicos, biodiversidad o sostenibilidad ambiental.",IMPACTO_MAS_ALLA_ACADEMIA,MEDIO_AMBIENTE,0.484128,Evidence briefs for local climate adaptation policy
ART-DEMO-005,Evidence briefs for local climate adaptation policy,ART-DEMO-005::nombre_producto::4,nombre_producto,ECO-05,El proyecto contribuye a mejorar prácticas productivas sostenibles en los sectores o territorios involucrados.,IMPACTO_MAS_ALLA_ACADEMIA,ECONOMIA,0.463855,Evidence briefs for local climate adaptation policy
ART-DEMO-005,Evidence briefs for local climate adaptation policy,ART-DEMO-005::resumen::5,resumen,POL-01,"El proyecto facilita la participación activa de los grupos de interés en procesos de formulación, monitoreo o evaluación de políticas públicas o iniciativas de ciencia ciudadana.",IMPACTO_MAS_ALLA_ACADEMIA,POLITICA_PUBLICA,0.621186,"The article analyzes the co-production of evidence briefs with local government, environmental groups and residents to support climate adaptation decisions. Findings informed a local policy program, were translated into accessible materials and discussed in public policy roundtables."
ART-DEMO-005,Evidence briefs for local climate adaptation policy,ART-DEMO-005::resumen::5,resumen,POL-07,Número de informes técnicos o documentos de política generados desde el proyecto y entregados a entidades gubernamentales.,IMPACTO_MAS_ALLA_ACADEMIA,POLITICA_PUBLICA,0.612117,"The article analyzes the co-production of evidence briefs with local government, environmental groups and residents to support climate adaptation decisions. Findings informed a local policy program, were translated into accessible materials and discussed in public policy roundtables."
ART-DEMO-005,Evidence briefs for local climate adaptation policy,ART-DEMO-005::resumen::5,resumen,POL-04,"Número de manuales, herramientas o metodologías derivadas del proyecto y adoptadas por entidades estatales.",IMPACTO_MAS_ALLA_ACADEMIA,POLITICA_PUBLICA,0.591292,"The article analyzes the co-production of evidence briefs with local government, environmental groups and residents to support climate adaptation decisions. Findings informed a local policy program, were translated into accessible materials and discussed in public policy roundtables."
ART-DEMO-005,Evidence briefs for local climate adaptation policy,ART-DEMO-005::palabras_clave::6,palabras_clave,AMB-02,"El proyecto genera mejoras sostenibles en el entorno ambiental, económico y social de los grupos de interés.",IMPACTO_MAS_ALLA_ACADEMIA,MEDIO_AMBIENTE,0.581279,climate adaptation; policy program; evidence briefs; public policy
ART-DEMO-005,Evidence briefs for local climate adaptation policy,ART-DEMO-005::palabras_clave::6,palabras_clave,POL-03,Número de políticas públicas o programas gubernamentales modificados o implementados con base en hallazgos del proyecto.,IMPACTO_MAS_ALLA_ACADEMIA,POLITICA_PUBLICA,0.575389,climate adaptation; policy program; evidence briefs; public policy
ART-DEMO-005,Evidence briefs for local climate adaptation policy,ART-DEMO-005::palabras_clave::6,palabras_clave,POL-01,"El proyecto facilita la participación activa de los grupos de interés en procesos de formulación, monitoreo o evaluación de políticas públicas o iniciativas de ciencia ciudadana.",IMPACTO_MAS_ALLA_ACADEMIA,POLITICA_PUBLICA,0.529257,climate adaptation; policy program; evidence briefs; public policy
ART-DEMO-005,Evidence briefs for local climate adaptation policy,ART-DEMO-005::objetivos::12,objetivos,POL-03,Número de políticas públicas o programas gubernamentales modificados o implementados con base en hallazgos del proyecto.,IMPACTO_MAS_ALLA_ACADEMIA,POLITICA_PUBLICA,0.708295,Examinar programas públicos implementados a partir de los hallazgos y recomendaciones del estudio.
ART-DEMO-005,Evidence briefs for local climate adaptation policy,ART-DEMO-005::objetivos::12,objetivos,POL-01,"El proyecto facilita la participación activa de los grupos de interés en procesos de formulación, monitoreo o evaluación de políticas públicas o iniciativas de ciencia ciudadana.",IMPACTO_MAS_ALLA_ACADEMIA,POLITICA_PUBLICA,0.707345,Examinar programas públicos implementados a partir de los hallazgos y recomendaciones del estudio.
ART-DEMO-005,Evidence briefs for local climate adaptation policy,ART-DEMO-005::objetivos::12,objetivos,POL-06,El proyecto implica colaboración efectiva con entidades públicas o actores sociales en la formulación o evaluación de políticas.,IMPACTO_MAS_ALLA_ACADEMIA,POLITICA_PUBLICA,0.650861,Examinar programas públicos implementados a partir de los hallazgos y recomendaciones del estudio.
